earn,4
browserling,11
next,4
say,3
house,5
what,4
shot,4
cabin,5
ought,5
powder,6
spirit,6
thee,4
thirty,6
divide,6
cell,4
themselves,10
recall,6
consist,7
printed,7
headed,6
brown,5
happen,6
this,4
hurried,7
market,6
fill,4
chicken,7
light,5
secret,6
studied,7
throw,5
brain,5
adventure,9
grain,5
met,3
damage,6
hung,4
other,5
fell,4
took,4
therefore,9
inside,6
heard,5
spend,5
glad,4
morning,7
blind,5
element,7
able,4
proud,5
pet,3
who,3
here,4
hall,4
my,2
list,4
equator,7
future,6
hollow,6
mathematics,11
tight,5
from,4
care,4
shoulder,8
youth,5
pencil,6
gravity,7
characteristic,14
straight,8
strange,7
search,6
machine,7
about,5
iron,4
condition,9
none,4
breakfast,9
gradually,9
coach,5
raw,3
machinery,9
differ,6
come,4
reach,5
route,5
enough,6
arrive,6
never,5
step,4
ever,4
easier,6
fun,3
fall,4
cream,5
seed,4
coal,4
double,6
rope,4
cloth,5
bottle,6
pilot,5
machinery,9
color,5
member,6
bottom,6
cotton,6
classroom,9
chance,6
reader,6
frequently,10
wolf,4
kill,4
night,5
pleasure,8
forget,6
use,3
similar,7
from,4
phrase,6
receive,7
safe,4
pair,4
bank,4
tired,5
soap,4
early,5
eat,3
crowd,5
we,2
mile,4
snake,5
thick,5
gentle,6
are,3
strange,7
worried,7
advice,6
broken,6
blew,4
seems,5
buy,3
honor,5
substance,9
very,4
remarkable,10
forth,5
forest,6
carry,5
elephant,8
look,4
firm,4
layers,6
three,5
realize,7
discover,8
come,4
tomorrow,8
review,6
parallel,8
title,5
depth,5
atomic,6
noun,4
plural,6
slight,6
running,7
its,3
molecular,9
exactly,7
dollar,6
afternoon,9
dish,4
soon,4
proud,5
obtain,6
place,5
drink,5
tune,4
street,6
fighting,8
final,5
recently,8
dream,5
excited,7
snow,4
burn,4
huge,4
second,6
wagon,5
diagram,7
split,5
replied,7
potatoes,8
wish,4
hand,4
blanket,7
muscle,6
mysterious,10
kept,4
price,5
boy,3
see,3
song,4
gain,4
land,4
burst,5
saddle,6
eleven,6
at,2
sing,4
direct,6
game,4
yes,3
spent,5
including,9
raw,3
pleasure,8
youth,5
drove,5
solution,8
born,4
tonight,7
pictured,8
nobody,6
master,6
substance,9
there,5
band,4
vast,4
smaller,7
west,4
check,5
caught,6
pie,3
height,6
pour,4
usual,5
enjoy,5
tape,4
class,5
oil,3
greatest,8
wore,4
corn,4
young,5
blind,5
sand,4
climb,5
shelter,7
meal,4
wet,3
go,2
managed,7
shape,5
question,8
goes,4
coffee,6
no,2
contain,7
activity,8
machine,7
its,3
heat,4
pack,4
warn,4
jungle,6
day,3
rather,6
radio,5
raw,3
donkey,6
box,3
mental,6
both,4
straight,8
usually,7
adult,5
graph,5
hung,4
pig,3
beside,6
see,3
blew,4
quiet,5
police,6
scene,5
at,2
arrange,7
imagine,7
arrow,5
practice,8
save,4
son,3
well,4
swung,5
wool,4
wool,4
collect,7
box,3
mental,6
variety,7
slight,6
question,8
done,4
allow,5
leaving,7
negative,8
matter,6
continued,9
page,4
eaten,5
shoot,5
rule,4
opposite,8
program,7
drink,5
doctor,6
noun,4
further,7
pick,4
pine,4
earn,4
home,4
city,4
rule,4
diameter,8
machine,7
opinion,7
table,5
his,3
hot,3
compare,7
larger,6
than,4
third,5
studying,8
ball,4
adjective,9
village,7
know,4
planned,7
practice,8
cross,5
characteristic,14
fact,4
equator,7
baby,4
thumb,5
completely,10
phrase,6
growth,6
knife,5
tail,4
species,7
answer,6
company,7
cup,3
cost,4
motor,5
waste,5
become,6
amount,6
finest,6
carefully,9
although,8
meat,4
beauty,6
machinery,9
clear,5
fierce,6
language,8
adult,5
eat,3
stone,5
perfect,7
teeth,5
about,5
heard,5
choice,6
art,3
heading,7
newspaper,9
degree,6
shop,4
system,6
under,5
lose,4
herself,7
tomorrow,8
simplest,8
airplane,8
society,7
private,7
research,8
hurry,5
discover,8
visitor,7
high,4
invented,8
gather,6
problem,7
said,4
substance,9
listen,6
foreign,7
leader,6
alone,5
toy,3
activity,8
word,4
imagine,7
corn,4
made,4
traffic,7
major,5
storm,5
accident,8
birthday,8
heat,4
horn,4
blanket,7
supply,6
copper,6
is,2
smile,5
later,5
period,6
coast,5
plane,5
later,5
life,4
lungs,5
yourself,8
serve,5
send,4
population,10
star,4
powder,6
native,6
got,3
brother,7
shout,5
only,4
gold,4
pull,4
us,2
merely,6
breath,6
author,6
since,5
these,5
mixture,7
never,5
fully,5
lost,4
led,3
softly,6
held,4
lower,5
comfortable,11
blank,5
per,3
wall,4
seat,4
sheep,5
seven,5
classroom,9
thou,4
gently,6
noun,4
nothing,7
late,4
during,6
sort,4
follow,6
cowboy,6
corn,4
hope,4
chapter,7
order,5
source,6
game,4
instrument,10
member,6
search,6
honor,5
knew,4
fur,3
problem,7
fallen,6
swam,4
author,6
kept,4
wrapped,7
weak,4
court,5
clothes,7
pressure,8
wore,4
health,6
lamp,4
explain,7
may,3
greater,7
run,3
contrast,8
mysterious,10
graph,5
neighbor,8
rough,5
decide,6
together,8
pattern,7
quickly,7
private,7
worth,5
plenty,6
simply,6
castle,6
loss,4
men,3
on,2
case,4
leader,6
social,6
quick,5
automobile,10
aloud,5
graph,5
little,6
adjective,9
seven,5
chain,5
obtain,6
business,8
at,2
opposite,8
biggest,7
pencil,6
term,4
weak,4
south,5
step,4
ranch,5
live,4
ship,4
nice,4
whispered,9
east,4
teeth,5
total,5
palace,6
announced,9
noun,4
dirty,5
farm,4
slave,5
second,6
atomic,6
bit,3
nest,4
chair,5
mood,4
moment,6
dead,4
better,6
select,6
sat,3
factor,6
attempt,7
thank,5
advice,6
people,6
tip,3
grew,4
primitive,9
man,3
record,6
swing,5
fed,3
education,9
leg,3
atmosphere,10
farmer,6
badly,5
lungs,5
farmer,6
invented,8
read,4
mostly,6
built,5
world,5
asleep,6
balance,7
flag,4
very,4
mistake,7
above,5
grain,5
atomic,6
parallel,8
earlier,7
girl,4
pole,4
cat,3
equally,7
right,5
fuel,4
former,6
shut,4
step,4
speak,5
skill,5
shape,5
shall,5
built,5
stared,6
shoe,4
ocean,5
stove,5
tell,4
paragraph,9
meal,4
cheese,6
tide,4
telephone,9
first,5
eight,5
earn,4
lamp,4
poor,4
fat,3
musical,7
dropped,7
measure,7
dog,3
tip,3
health,6
describe,8
yesterday,9
definition,10
dollar,6
badly,5
danger,6
definition,10
child,5
remain,6
remarkable,10
whenever,8
both,4
wolf,4
indicate,8
reach,5
entirely,8
make,4
opposite,8
movie,5
aware,5
dig,3
jungle,6
care,4
rain,4
main,4
wave,4
education,9
shore,5
contrast,8
noise,5
instant,7
meal,4
was,3
cause,5
brick,5
serve,5
amount,6
has,3
process,7
accident,8
copper,6
enter,5
change,6
soap,4
harder,6
face,4
full,4
silly,5
quiet,5
action,6
top,3
roll,4
electric,8
summer,6
stick,5
not,3
birthday,8
stream,6
strike,6
limited,7
she,3
into,4
raise,5
behavior,8
influence,9
hour,4
ranch,5
occasionally,12
grown,5
sale,4
together,8
nor,3
doing,5
now,3
way,3
along,5
happen,6
produce,7
whether,7
peace,5
stranger,8
was,3
printed,7
collect,7
animal,6
steep,5
highway,7
kitchen,7
nobody,6
limited,7
split,5
forest,6
stream,6
held,4
forty,5
mirror,6
certain,7
breath,6
stopped,7
blue,4
call,4
neighborhood,12
rush,4
draw,4
jump,4
goes,4
position,8
yesterday,9
earth,5
hole,4
actually,8
older,5
frame,5
swept,5
west,4
major,5
bone,4
measure,7
at,2
correctly,9
running,7
feel,4
slept,5
storm,5
box,3
cage,4
shelf,5
arrow,5
park,4
stand,5
straight,8
consider,8
or,2
noun,4
search,6
sides,5
run,3
plain,5
beginning,9
spring,6
none,4
motion,6
dust,4
meet,4
southern,8
pale,4
castle,6
refused,7
sense,5
wheat,5
manner,6
house,5
mark,4
back,4
compound,8
fine,4
quite,5
movie,5
along,5
being,5
dollar,6
has,3
inside,6
sister,6
wing,4
exercise,8
rate,4
until,5
choice,6
took,4
return,6
whenever,8
warm,4
supply,6
sand,4
proud,5
die,3
indicate,8
recent,6
die,3
bell,4
pain,4
factory,7
show,4
everybody,9
cell,4
protection,10
nothing,7
begun,5
suit,4
anyway,6
mill,4
never,5
possible,8
rate,4
vowel,5
time,4
check,5
older,5
wire,4
take,4
operation,9
damage,6
tank,4
element,7
cup,3
orbit,5
curious,7
salmon,6
jet,3
root,4
went,4
children,8
were,4
shirt,5
weak,4
gave,4
situation,9
color,5
sense,5
understanding,13
table,5
tie,3
grass,5
organization,12
capital,7
reach,5
whistle,7
directly,8
size,4
grabbed,7
chart,5
luck,4
truck,5
family,6
rocky,5
flight,6
labor,5
lady,4
twenty,6
caught,6
shout,5
summer,6
east,4
opinion,7
fresh,5
television,10
nervous,7
neighbor,8
danger,6
plus,4
left,4
plain,5
attention,9
join,4
cake,4
dream,5
short,5
connected,9
pound,5
discover,8
college,7
better,6
lead,4
dropped,7
stomach,7
exclaimed,9
instead,7
move,4
sheet,5
interior,8
central,7
pool,4
fifteen,7
hope,4
health,6
stared,6
comfortable,11
popular,7
kept,4
gradually,9
indicate,8
entire,6
perhaps,7
smaller,7
appropriate,11
donkey,6
road,4
short,5
affect,6
nearer,6
potatoes,8
key,3
dirt,4
garage,6
hat,3
graph,5
laid,4
pale,4
military,8
yourself,8
onto,4
proud,5
sing,4
chemical,8
usually,7
behind,6
basis,5
suppose,7
partly,6
can,3
married,7
attached,8
allow,5
wish,4
fastened,8
deeply,6
stepped,7
want,4
occasionally,12
feature,7
spring,6
situation,9
general,7
band,4
queen,5
hot,3
enough,6
there,5
picture,7
glass,5
none,4
burn,4
produce,7
whale,5
noted,5
triangle,8
use,3
themselves,10
leg,3
fun,3
glad,4
steam,5
attention,9
wool,4
been,4
game,4
stay,4
tobacco,7
produce,7
composition,11
collect,7
rays,4
arrive,6
knowledge,9
expression,10
hope,4
cloud,5
bag,3
direct,6
aware,5
manufacturing,13
chapter,7
farmer,6
sitting,7
stranger,8
he,2
hope,4
offer,5
satisfied,9
although,8
title,5
your,4
explanation,11
row,3
caught,6
after,5
scale,5
phrase,6
lungs,5
this,4
me,2
thy,3
differ,6
review,6
exercise,8
ability,7
wolf,4
slow,4
track,5
image,5
twelve,6
spoken,6
center,6
cabin,5
accident,8
price,5
sign,4
ask,3
brass,5
exchange,8
count,5
lot,3
gun,3
home,4
package,7
man,3
four,4
type,4
north,5
before,6
store,5
family,6
equator,7
happen,6
month,5
do,2
one,3
someone,7
slipped,7
fireplace,9
school,6
bring,5
fewer,5
teach,5
course,6
stopped,7
during,6
mean,4
chair,5
skill,5
sometime,8
triangle,8
electricity,11
whistle,7
cake,4
instant,7
eaten,5
safe,4
they,4
lake,4
those,5
band,4
nest,4
eaten,5
printed,7
elephant,8
transportation,14
excellent,9
chamber,7
orbit,5
attached,8
advice,6
try,3
somebody,8
saddle,6
table,5
cutting,7
time,4
card,4
experiment,10
offer,5
son,3
driven,6
outer,5
industrial,10
sand,4
level,5
outside,7
your,4
court,5
former,6
taste,5
cook,4
ice,3
queen,5
round,5
official,8
steep,5
sound,5
us,2
least,5
parent,6
neighborhood,12
lost,4
doll,4
involved,8
run,3
bad,3
return,6
title,5
raw,3
surrounded,10
block,5
doubt,5
feature,7
location,8
dropped,7
weight,6
chapter,7
stiff,5
village,7
morning,7
bowl,4
coal,4
contain,7
society,7
pure,4
swung,5
crew,4
fewer,5
positive,8
quickly,7
fresh,5
escape,6
but,3
reach,5
forgotten,9
differ,6
fifth,5
name,4
after,5
repeat,6
tall,4
bark,4
foot,4
cap,3
warn,4
fox,3
steam,5
grass,5
directly,8
frighten,8
plan,4
three,5
flag,4
see,3
seen,4
level,5
race,4
sitting,7
dawn,4
indicate,8
north,5
like,4
done,4
musical,7
still,5
rabbit,6
production,10
must,4
jack,4
back,4
doubt,5
cookies,7
care,4
earth,5
cannot,6
close,5
gradually,9
say,3
piece,5
perhaps,7
point,5
thank,5
deer,4
fed,3
sides,5
come,4
influence,9
belong,6
allow,5
underline,9
electric,8
step,4
said,4
grandfather,11
guard,5
all,3
recently,8
therefore,9
whispered,9
hello,5
cat,3
to,2
stood,5
bear,4
stretch,7
apple,5
mass,4
loose,5
limited,7
type,4
balance,7
fact,4
string,6
whatever,8
knew,4
draw,4
horn,4
bowl,4
tree,4
then,4
atmosphere,10
suppose,7
dot,3
arrow,5
own,3
please,6
men,3
learn,5
kind,4
example,7
for,3
mountain,8
prize,5
usual,5
calm,4
weight,6
since,5
sleep,5
customs,7
judge,5
piano,5
flat,4
proper,6
growth,6
belong,6
division,8
aside,5
president,9
least,5
dish,4
ordinary,8
proud,5
tonight,7
composed,8
boy,3
escape,6
sad,3
fruit,5
ask,3
reader,6
smallest,8
month,5
applied,7
bicycle,7
swung,5
whether,7
possible,8
orbit,5
pile,4
ring,4
failed,6
evening,7
declared,8
poet,4
found,5
percent,7
desk,4
tomorrow,8
object,6
bridge,6
summer,6
ago,3
mental,6
joy,3
barn,4
build,5
office,6
definition,10
happy,5
break,5
chosen,6
finish,6
personal,8
spent,5
beautiful,9
page,4
began,5
copy,4
trouble,7
moving,6
white,5
balloon,7
eleven,6
process,7
heard,5
wish,4
full,4
earn,4
sides,5
white,5
indeed,6
student,7
invented,8
put,3
struck,6
reach,5
lose,4
move,4
browserling,11
compass,7
gasoline,8
death,5
cloth,5
planning,8
capital,7
twice,5
ants,4
her,3
join,4
mine,4
system,6
musical,7
joy,3
baseball,8
smoke,5
here,4
usually,7
wash,4
powder,6
talk,4
since,5
independent,11
tie,3
discussion,10
pattern,7
gather,6
stretch,7
whether,7
duck,4
offer,5
quarter,7
wire,4
space,5
zero,4
into,4
different,9
red,3
congress,8
skin,4
roll,4
fully,5
duck,4
again,5
kill,4
hole,4
cake,4
drive,5
badly,5
opportunity,11
bee,3
worth,5
pen,3
conversation,12
guard,5
row,3
colony,6
hay,3
must,4
deal,4
view,4
region,6
handsome,8
radio,5
floating,8
model,5
strange,7
fierce,6
newspaper,9
flat,4
explore,7
salt,4
ought,5
began,5
upon,4
sold,4
son,3
passage,7
loud,4
say,3
corn,4
immediately,11
rice,4
particularly,12
command,7
tape,4
faster,6
teacher,7
scientist,9
pack,4
brought,7
sit,3
sudden,6
built,5
function,8
coach,5
power,5
flies,5
break,5
theory,6
express,7
funny,5
pencil,6
cookies,7
cost,4
happen,6
as,2
hunter,6
weigh,5
beneath,7
feel,4
meet,4
additional,10
run,3
foreign,7
replied,7
sense,5
storm,5
though,6
pie,3
last,4
thy,3
selection,9
oldest,6
thou,4
under,5
leave,5
day,3
rabbit,6
appearance,10
dust,4
rose,4
plastic,7
also,4
oxygen,6
seldom,6
cry,3
create,6
keep,4
bus,3
diagram,7
eventually,10
vertical,8
living,6
sweet,5
song,4
eaten,5
roof,4
final,5
map,3
wood,4
tank,4
frame,5
browserling,11
summer,6
sang,4
swim,4
bite,4
interest,8
heavy,5
fill,4
body,4
yellow,6
hard,4
needed,6
while,5
activity,8
food,4
observe,7
were,4
birds,5
breath,6
related,7
sharp,5
wagon,5
board,5
type,4
skill,5
magic,5
certain,7
fair,4
stronger,8
evidence,8
equipment,9
straight,8
failed,6
trap,4
repeat,6
park,4
stronger,8
usual,5
quiet,5
smell,5
dinner,6
than,4
string,6
scale,5
truth,5
origin,6
stuck,5
sold,4
spider,6
difficulty,10
few,3
driver,6
lunch,5
machine,7
play,4
load,4
notice,6
television,10
experiment,10
salt,4
elephant,8
setting,7
coat,4
pot,3
one,3
article,7
herself,7
swing,5
find,4
mill,4
hold,4
government,10
power,5
area,4
important,9
piece,5
being,5
further,7
occur,5
such,4
several,7
kitchen,7
blew,4
air,3
sell,4
empty,5
between,7
building,8
shells,6
egg,3
skin,4
stage,5
as,2
myself,6
dozen,5
parallel,8
settle,6
sense,5
statement,9
globe,5
thrown,6
goose,5
because,7
blind,5
duck,4
last,4
far,3
example,7
cross,5
plain,5
different,9
off,3
product,7
look,4
kitchen,7
ago,3
heavy,5
tank,4
newspaper,9
aid,3
day,3
teach,5
mail,4
per,3
throat,6
thrown,6
length,6
beat,4
provide,7
news,4
perfectly,9
explore,7
led,3
hung,4
forgotten,9
frozen,6
you,3
worth,5
world,5
ruler,5
obtain,6
lack,4
river,5
locate,6
cut,3
yes,3
merely,6
refer,5
gently,6
enemy,5
television,10
heading,7
whether,7
recent,6
come,4
lesson,6
huge,4
volume,6
object,6
baby,4
press,5
suggest,7
care,4
might,5
unhappy,7
solid,5
biggest,7
inch,4
weigh,5
manufacturing,13
been,4
solution,8
airplane,8
melted,6
sugar,5
girl,4
opinion,7
certainly,9
belong,6
making,6
quarter,7
trade,5
smoke,5
arrangement,11
sell,4
design,6
knife,5
door,4
film,4
unknown,7
expect,6
exist,5
poet,4
lady,4
rhyme,5
mathematics,11
thing,5
promised,8
factory,7
wonderful,9
ride,4
mouth,5
into,4
tower,5
poem,4
mysterious,10
because,7
fierce,6
ten,3
danger,6
idea,4
into,4
pack,4
gave,4
western,7
second,6
specific,8
noise,5
circus,6
drew,4
steel,5
term,4
none,4
slept,5
principle,9
satisfied,9
pattern,7
solution,8
special,7
determine,9
service,7
zero,4
needed,6
giving,6
remarkable,10
wire,4
fear,4
furniture,9
glad,4
folks,5
example,7
state,5
know,4
cell,4
activity,8
troops,6
drove,5
baby,4
connected,9
slightly,8
red,3
well,4
produce,7
fish,4
hard,4
be,2
box,3
lion,4
oldest,6
nervous,7
fairly,6
split,5
record,6
gun,3
weather,7
sharp,5
gradually,9
below,5
fur,3
cattle,6
rough,5
accurate,8
ordinary,8
composition,11
shown,5
slightly,8
ride,4
fought,6
pressure,8
porch,5
follow,6
given,5
breakfast,9
window,6
slightly,8
trail,5
warm,4
log,3
news,4
shoot,5
yellow,6
wooden,6
loud,4
fill,4
shown,5
safety,6
lion,4
lot,3
pilot,5
source,6
go,2
steel,5
wagon,5
organized,9
live,4
equator,7
process,7
stone,5
familiar,8
immediately,11
jungle,6
nose,4
steep,5
headed,6
angry,5
giving,6
green,5
accept,6
split,5
property,8
hurry,5
exact,5
cup,3
nice,4
loose,5
drink,5
loose,5
correct,7
different,9
fear,4
begun,5
call,4
parallel,8
explanation,11
mirror,6
health,6
article,7
floating,8
six,3
famous,6
size,4
metal,5
muscle,6
born,4
tired,5
nearly,6
next,4
tears,5
repeat,6
complex,7
angry,5
rays,4
clothing,8
old,3
loss,4
dance,5
least,5
section,7
clay,4
type,4
several,7
lying,5
silk,4
cage,4
variety,7
passage,7
battle,6
compare,7
cake,4
garden,6
follow,6
saddle,6
mountain,8
blue,4
mark,4
zero,4
east,4
friendly,8
brain,5
breakfast,9
bark,4
mistake,7
largest,7
against,7
needs,5
lying,5
allow,5
pass,4
being,5
flame,5
throat,6
for,3
any,3
lake,4
mirror,6
tired,5
atmosphere,10
coal,4
furniture,9
poor,4
radio,5
stems,5
eye,3
tobacco,7
shaking,7
pure,4
main,4
captain,7
of,2
buffalo,7
recognize,9
ants,4
score,5
strong,6
laugh,5
life,4
cry,3
live,4
fourth,6
front,5
cannot,6
send,4
rough,5
far,3
law,3
make,4
rock,4
theory,6
fight,5
lose,4
closer,6
pay,3
blow,4
past,4
busy,4
condition,9
final,5
path,4
cutting,7
each,4
tobacco,7
spirit,6
slowly,6
leaving,7
label,5
get,3
say,3
gray,4
herd,4
stuck,5
ruler,5
stared,6
though,6
touch,5
sail,4
could,5
white,5
industry,8
themselves,10
generally,9
sale,4
dangerous,9
ants,4
day,3
sale,4
money,5
son,3
whether,7
cent,4
again,5
cell,4
cloud,5
today,5
to,2
continent,9
cat,3
chance,6
skill,5
pictured,8
view,4
nature,6
means,5
wire,4
flag,4
statement,9
cry,3
wire,4
sharp,5
spell,5
orbit,5
new,3
wall,4
running,7
cabin,5
shelter,7
community,9
national,8
scared,6
behind,6
balloon,7
here,4
pale,4
desk,4
gain,4
open,4
brother,7
consonant,9
swept,5
wrong,5
sense,5
edge,4
find,4
on,2
snow,4
chest,5
supply,6
moving,6
wrapped,7
decide,6
nine,4
hidden,6
fresh,5
bus,3
spirit,6
belong,6
cool,4
level,5
shop,4
treated,7
at,2
what,4
region,6
hardly,6
view,4
letter,6
small,5
cast,4
draw,4
alive,5
saved,5
fight,5
step,4
sum,3
world,5
drink,5
explanation,11
flower,6
strong,6
movement,8
mice,4
hand,4
plant,5
anywhere,8
basket,6
flight,6
depend,6
fell,4
separate,8
country,7
rush,4
choose,6
pan,3
price,5
test,4
very,4
parallel,8
body,4
nothing,7
steam,5
joined,6
command,7
lead,4
special,7
yesterday,9
free,4
teach,5
low,3
clothing,8
action,6
evidence,8
comfortable,11
horse,5
whispered,9
system,6
speech,6
aloud,5
anything,8
balloon,7
temperature,11
bar,3
either,6
tip,3
frozen,6
flat,4
policeman,9
environment,11
chance,6
corn,4
slip,4
long,4
engineer,8
voyage,6
suit,4
top,3
slightly,8
heading,7
having,6
friendly,8
previous,8
music,5
walk,4
park,4
fresh,5
orbit,5
basis,5
day,3
four,4
design,6
lack,4
brown,5
failed,6
volume,6
test,4
rod,3
closely,7
whenever,8
tightly,7
rope,4
halfway,7
through,7
opportunity,11
beautiful,9
aloud,5
damage,6
until,5
dress,5
plates,6
settle,6
diameter,8
composition,11
turn,4
affect,6
how,3
fellow,6
lost,4
vowel,5
hold,4
chance,6
south,5
suppose,7
slightly,8
education,9
load,4
slightly,8
brave,5
soldier,7
animal,6
excellent,9
design,6
police,6
fix,3
late,4
mean,4
mouth,5
buy,3
row,3
into,4
send,4
shells,6
respect,7
low,3
class,5
donkey,6
onto,4
floating,8
lamp,4
origin,6
rule,4
did,3
ability,7
paid,4
compass,7
amount,6
born,4
it,2
probably,8
origin,6
notice,6
task,4
my,2
father,6
shown,5
trap,4
simply,6
major,5
from,4
fierce,6
nice,4
told,4
string,6
can,3
gold,4
increase,8
took,4
got,3
color,5
mail,4
row,3
smaller,7
trouble,7
lips,4
men,3
magnet,6
remove,6
men,3
ahead,5
own,3
country,7
white,5
syllable,8
rapidly,7
seen,4
herself,7
root,4
wide,4
attempt,7
its,3
but,3
mental,6
reach,5
when,4
fair,4
hunt,4
respect,7
offer,5
pencil,6
gold,4
broad,5
began,5
seed,4
seldom,6
hit,3
merely,6
back,4
success,7
trail,5
element,7
see,3
still,5
birds,5
your,4
made,4
cave,4
entirely,8
person,6
furniture,9
something,9
original,8
eleven,6
press,5
beat,4
men,3
sold,4
gave,4
within,6
child,5
wire,4
brush,5
leave,5
yes,3
purpose,7
general,7
third,5
south,5
art,3
section,7
bicycle,7
herd,4
citizen,7
furniture,9
luck,4
away,4
remarkable,10
national,8
burst,5
production,10
article,7
prize,5
concerned,9
record,6
writer,6
citizen,7
people,6
death,5
gold,4
furniture,9
cross,5
tired,5
birthday,8
was,3
war,3
several,7
consider,8
model,5
ancient,7
fully,5
brown,5
entirely,8
mad,3
planned,7
month,5
independent,11
breakfast,9
wool,4
within,6
greatly,7
constantly,10
kept,4
women,5
continent,9
man,3
camp,4
bottle,6
main,4
medicine,8
outside,7
suppose,7
border,6
plus,4
said,4
add,3
meet,4
shaking,7
spoken,6
go,2
knowledge,9
whenever,8
salt,4
paper,5
upon,4
create,6
hay,3
sometime,8
introduced,10
easy,4
wheel,5
whether,7
sail,4
game,4
deal,4
away,4
lion,4
married,7
flies,5
task,4
birthday,8
gas,3
easily,6
coming,6
mixture,7
train,5
red,3
value,5
when,4
rate,4
cowboy,6
green,5
gone,4
mountain,8
pole,4
chicken,7
loud,4
was,3
his,3
else,4
recall,6
silence,7
tip,3
entire,6
curve,5
comfortable,11
that,4
repeat,6
lay,3
flight,6
large,5
date,4
hat,3
previous,8
doctor,6
journey,7
trunk,5
pine,4
view,4
wide,4
voice,5
plenty,6
chair,5
pound,5
several,7
victory,7
see,3
plain,5
underline,9
repeat,6
read,4
trap,4
layers,6
leather,7
salmon,6
occasionally,12
lay,3
down,4
wear,4
partly,6
mission,7
gulf,4
atomic,6
hung,4
thick,5
especially,10
poor,4
have,4
according,9
each,4
tie,3
because,7
matter,6
girl,4
pleasure,8
write,5
age,3
cow,3
structure,9
solution,8
silent,6
in,2
measure,7
announced,9
knowledge,9
fell,4
including,9
women,5
syllable,8
when,4
shoot,5
ourselves,9
am,2
dance,5
motor,5
review,6
age,3
author,6
planet,6
heart,5
clearly,7
ship,4
only,4
quiet,5
obtain,6
dark,4
plenty,6
compare,7
instead,7
bet,3
only,4
truth,5
higher,6
shorter,7
seeing,6
expression,10
positive,8
poem,4
smile,5
people,6
pine,4
expect,6
it,2
wagon,5
mysterious,10
vertical,8
orbit,5
late,4
influence,9
minerals,8
express,7
boy,3
alphabet,8
divide,6
likely,6
motor,5
gone,4
butter,6
am,2
bark,4
saw,3
fire,4
famous,6
planet,6
out,3
beyond,6
drew,4
weak,4
valley,6
bill,4
closely,7
without,7
pride,5
card,4
ice,3
vote,4
grass,5
basic,5
shoot,5
simplest,8
musical,7
arrive,6
seeing,6
were,4
is,2
think,5
seven,5
frame,5
alive,5
throat,6
basket,6
calm,4
make,4
proper,6
kill,4
easier,6
this,4
snow,4
control,7
diameter,8
most,4
largest,7
quick,5
rich,4
ocean,5
form,4
population,10
arrive,6
deer,4
steep,5
troops,6
tax,3
journey,7
wealth,6
similar,7
became,6
feed,4
fix,3
although,8
real,4
slightly,8
appropriate,11
kept,4
circle,6
practice,8
learn,5
once,4
chosen,6
best,4
due,3
early,5
gas,3
needs,5
lion,4
fireplace,9
bill,4
see,3
charge,6
come,4
mark,4
mouth,5
separate,8
dish,4
dinner,6
flew,4
facing,6
larger,6
team,4
town,4
everybody,9
mirror,6
soon,4
fall,4
coffee,6
she,3
powerful,8
enough,6
successful,10
continued,9
shinning,8
rhythm,6
sport,5
tribe,5
five,4
circus,6
got,3
specific,8
read,4
move,4
nearly,6
activity,8
never,5
wagon,5
also,4
relationship,12
dream,5
clothes,7
burn,4
further,7
condition,9
party,5
pencil,6
grow,4
flow,4
change,6
truck,5
guard,5
trick,5
lucky,5
tea,3
maybe,5
send,4
triangle,8
equally,7
conversation,12
major,5
though,6
soap,4
farmer,6
recall,6
definition,10
single,6
chapter,7
search,6
season,6
event,5
fine,4
customs,7
package,7
lovely,6
fur,3
owner,5
ship,4
station,7
southern,8
local,5
air,3
dust,4
tree,4
dead,4
indicate,8
wave,4
personal,8
height,6
chair,5
information,11
characteristic,14
variety,7
regular,7
lower,5
east,4
back,4
development,11
start,5
having,6
bone,4
weight,6
cloth,5
aside,5
ring,4
bound,5
vertical,8
parallel,8
explanation,11
eye,3
garden,6
coat,4
reader,6
entirely,8
answer,6
plural,6
president,9
funny,5
plenty,6
shop,4
huge,4
replied,7
vapor,5
example,7
gate,4
forth,5
ready,5
tribe,5
necessary,9
truck,5
watch,5
plate,5
native,6
popular,7
bat,3
instead,7
hospital,8
doing,5
last,4
claws,5
several,7
war,3
trip,4
wind,4
quietly,7
apartment,9
guard,5
tell,4
constantly,10
properly,8
rear,4
rocket,6
skill,5
me,2
rise,4
tie,3
composition,11
pink,4
space,5
late,4
doll,4
industrial,10
clothing,8
melted,6
below,5
serious,7
tropical,8
bring,5
summer,6
ancient,7
advice,6
clean,5
topic,5
heart,5
drawn,5
strength,8
instead,7
equator,7
group,5
ago,3
dream,5
husband,7
signal,6
ever,4
balance,7
parent,6
so,2
hand,4
slide,5
atomic,6
dry,3
when,4
test,4
weather,7
her,3
upward,6
strong,6
egg,3
sleep,5
mean,4
enough,6
try,3
film,4
bigger,6
pride,5
airplane,8
deep,4
giant,5
sister,6
poetry,6
grow,4
dead,4
world,5
excited,7
voice,5
mirror,6
snake,5
making,6
pond,4
ranch,5
simple,6
girl,4
special,7
improve,7
stood,5
feature,7
ago,3
base,4
class,5
effect,6
pay,3
hope,4
important,9
service,7
listen,6
guess,5
excited,7
fully,5
nor,3
locate,6
everywhere,10
smaller,7
pipe,4
free,4
add,3
discuss,7
bus,3
bet,3
captured,8
describe,8
chosen,6
map,3
case,4
lead,4
than,4
leather,7
worse,5
president,9
pool,4
paid,4
glass,5
rich,4
believed,8
no,2
sell,4
measure,7
them,4
sad,3
essential,9
across,6
next,4
driver,6
term,4
shoot,5
piano,5
different,9
crop,4
fellow,6
two,3
log,3
bark,4
liquid,6
seeing,6
shop,4
weight,6
actual,6
summer,6
roll,4
shells,6
must,4
book,4
dot,3
heavy,5
tide,4
wear,4
burn,4
almost,6
low,3
exchange,8
return,6
down,4
root,4
eleven,6
battle,6
summer,6
feed,4
title,5
square,6
studied,7
mountain,8
brought,7
car,3
safe,4
gray,4
queen,5
touch,5
divide,6
information,11
worried,7
coach,5
construction,12
fully,5
whenever,8
electric,8
area,4
cover,5
cover,5
band,4
leader,6
shaking,7
one,3
black,5
thread,6
solar,5
middle,6
go,2
average,7
bank,4
begun,5
clothing,8
sign,4
string,6
pond,4
steel,5
easily,6
dear,4
jar,3
paragraph,9
street,6
chapter,7
surrounded,10
particularly,12
pilot,5
depth,5
price,5
caught,6
operation,9
should,6
straight,8
pictured,8
signal,6
flies,5
follow,6
lake,4
plural,6
six,3
last,4
passage,7
vast,4
throughout,10
stage,5
teacher,7
community,9
valley,6
success,7
importance,10
suggest,7
smallest,8
trip,4
noon,4
bone,4
fog,3
plate,5
lamp,4
sale,4
rope,4
you,3
nice,4
ancient,7
range,5
serious,7
exclaimed,9
fine,4
apart,5
life,4
area,4
whom,4
hold,4
tales,5
bow,3
orbit,5
front,5
amount,6
wish,4
please,6
distant,7
coach,5
nodded,6
accident,8
regular,7
cream,5
mission,7
deer,4
anywhere,8
noted,5
wherever,8
general,7
little,6
related,7
dull,4
map,3
spirit,6
our,3
making,6
told,4
apartment,9
stock,5
thousand,8
receive,7
composed,8
cost,4
secret,6
moving,6
since,5
organization,12
travel,6
rope,4
coffee,6
adventure,9
simple,6
grow,4
salmon,6
discovery,9
rough,5
tales,5
immediately,11
shade,5
nearly,6
hunt,4
chain,5
dirt,4
correctly,9
prepare,7
sing,4
depth,5
mood,4
leaving,7
touch,5
country,7
suggest,7
belt,4
pan,3
doing,5
third,5
women,5
just,4
shaking,7
success,7
in,2
ring,4
noted,5
temperature,11
finish,6
heat,4
mental,6
then,4
salmon,6
rock,4
fallen,6
bee,3
due,3
vowel,5
age,3
worker,6
correctly,9
gray,4
like,4
dear,4
cheese,6
army,4
fruit,5
element,7
consist,7
length,6
pupil,5
instant,7
forgot,6
snake,5
town,4
save,4
as,2
respect,7
command,7
eye,3
ring,4
composed,8
citizen,7
nodded,6
graph,5
feel,4
mile,4
us,2
blanket,7
rhyme,5
tales,5
science,7
guide,5
special,7
clean,5
weigh,5
industry,8
school,6
welcome,7
drove,5
operation,9
page,4
medicine,8
company,7
understanding,13
series,6
protection,10
gather,6
layers,6
music,5
get,3
present,7
pupil,5
remove,6
sure,4
careful,7
instrument,10
partly,6
gone,4
grandmother,11
golden,6
opinion,7
eleven,6
cannot,6
heavy,5
slipped,7
bowl,4
beyond,6
too,3
large,5
brick,5
seen,4
name,4
frame,5
century,7
condition,9
where,5
make,4
toward,6
review,6
dried,5
human,5
floating,8
fresh,5
roll,4
captain,7
single,6
obtain,6
fell,4
son,3
dawn,4
steady,6
height,6
film,4
point,5
shown,5
drink,5
lunch,5
spite,5
doing,5
compass,7
if,2
person,6
money,5
under,5
original,8
zoo,3
move,4
signal,6
whistle,7
captain,7
front,5
possibly,8
dangerous,9
quite,5
planet,6
am,2
baseball,8
sitting,7
catch,5
tower,5
unit,4
lack,4
grain,5
worry,5
expression,10
pure,4
bicycle,7
face,4
lips,4
shown,5
ride,4
when,4
suit,4
hat,3
order,5
diameter,8
gulf,4
slide,5
trouble,7
nails,5
how,3
difficult,9
air,3
yard,4
shot,4
drove,5
bow,3
motor,5
meant,5
directly,8
compound,8
rays,4
chose,5
us,2
tea,3
start,5
somehow,7
slipped,7
neighborhood,12
trace,5
bell,4
or,2
bigger,6
steam,5
forgot,6
show,4
setting,7
hot,3
trip,4
higher,6
return,6
feet,4
town,4
officer,7
push,4
loose,5
tax,3
already,7
bend,4
laugh,5
crew,4
eventually,10
nails,5
straight,8
hidden,6
outline,7
long,4
just,4
sure,4
lesson,6
effort,6
burst,5
enemy,5
replied,7
traffic,7
ranch,5
curious,7
limited,7
brush,5
desert,6
trouble,7
report,6
jet,3
man,3
gain,4
letter,6
whole,5
sing,4
thin,4
slipped,7
current,7
best,4
exist,5
spin,4
anyway,6
wall,4
record,6
drink,5
best,4
chief,5
lake,4
past,4
likely,6
replied,7
lower,5
angry,5
his,3
station,7
corner,6
matter,6
temperature,11
run,3
just,4
play,4
topic,5
sink,4
period,6
native,6
drink,5
event,5
heavy,5
partly,6
event,5
look,4
title,5
day,3
pig,3
avoid,5
jack,4
pain,4
herd,4
bridge,6
somewhere,9
highway,7
seeing,6
local,5
require,7
cut,3
flag,4
bottle,6
voice,5
fill,4
probably,8
serve,5
double,6
himself,7
pictured,8
lips,4
name,4
farmer,6
diameter,8
according,9
been,4
food,4
clean,5
anyone,6
sat,3
mathematics,11
list,4
clear,5
visitor,7
further,7
swept,5
either,6
to,2
victory,7
through,7
job,3
pool,4
wore,4
standard,8
now,3
moon,4
paint,5
direction,9
bell,4
rise,4
gain,4
farther,7
been,4
broad,5
finger,6
drive,5
wise,4
rear,4
year,4
throughout,10
ever,4
cool,4
feed,4
guard,5
possible,8
have,4
real,4
tall,4
heat,4
occur,5
hungry,6
active,6
thank,5
led,3
entire,6
earth,5
direction,9
line,4
depth,5
dinner,6
means,5
play,4
pool,4
lungs,5
twenty,6
oxygen,6
sky,3
condition,9
could,5
shelf,5
change,6
bet,3
system,6
fireplace,9
variety,7
especially,10
melted,6
vast,4
raise,5
kind,4
aboard,6
it,2
catch,5
write,5
him,3
garage,6
voice,5
completely,10
effort,6
additional,10
flight,6
taught,6
when,4
three,5
rod,3
love,4
eight,5
applied,7
bent,4
captain,7
type,4
fort,4
facing,6
cannot,6
musical,7
grain,5
building,8
bottom,6
grandfather,11
plane,5
body,4
nearby,6
depth,5
thick,5
parallel,8
pole,4
select,6
south,5
face,4
compass,7
missing,7
applied,7
slide,5
instrument,10
tribe,5
element,7
chosen,6
chest,5
have,4
sound,5
cannot,6
porch,5
spend,5
situation,9
face,4
guess,5
floor,5
pound,5
plane,5
outer,5
week,4
page,4
compound,8
ring,4
solar,5
monkey,6
gift,4
tomorrow,8
alone,5
machine,7
soil,4
land,4
brain,5
river,5
stick,5
gold,4
nervous,7
audience,8
soon,4
sit,3
leader,6
fish,4
rule,4
gun,3
return,6
toy,3
community,9
curious,7
thing,5
five,4
tired,5
bicycle,7
valley,6
house,5
given,5
city,4
struggle,8
merely,6
important,9
closely,7
music,5
minute,6
actual,6
command,7
lonely,6
acres,5
sign,4
however,7
military,8
protection,10
frighten,8
men,3
plural,6
shadow,6
page,4
common,6
studied,7
fuel,4
shape,5
same,4
lying,5
never,5
storm,5
needed,6
laid,4
route,5
fire,4
away,4
farmer,6
toward,6
angle,5
represent,9
belt,4
like,4
soon,4
agree,5
diameter,8
bank,4
mixture,7
victory,7
require,7
stage,5
average,7
three,5
fence,5
welcome,7
spider,6
human,5
occasionally,12
belt,4
street,6
including,9
became,6
length,6
acres,5
may,3
research,8
north,5
wool,4
dot,3
hang,4
alike,5
safety,6
observe,7
poetry,6
species,7
industry,8
conversation,12
look,4
sudden,6
equal,5
region,6
so,2
arrangement,11
why,3
suggest,7
character,9
wire,4
drop,4
brush,5
step,4
pair,4
twenty,6
slight,6
standard,8
rush,4
shop,4
college,7
coat,4
afternoon,9
rocky,5
slipped,7
cost,4
order,5
coffee,6
land,4
forget,6
pilot,5
become,6
food,4
without,7
explanation,11
way,3
close,5
lion,4
branch,6
mass,4
smooth,6
divide,6
last,4
greatest,8
peace,5
porch,5
wrapped,7
problem,7
rice,4
floating,8
order,5
garden,6
combination,11
attached,8
by,2
pilot,5
furniture,9
taught,6
package,7
coming,6
build,5
health,6
rod,3
flower,6
oil,3
what,4
field,5
luck,4
darkness,8
social,6
buried,6
morning,7
dream,5
mother,6
chance,6
cat,3
be,2
phrase,6
none,4
train,5
declared,8
bend,4
tightly,7
birth,5
castle,6
date,4
same,4
grain,5
chicken,7
range,5
especially,10
circus,6
pleasant,8
sudden,6
share,5
mission,7
expression,10
copy,4
struck,6
now,3
highway,7
forth,5
plural,6
copper,6
thick,5
sail,4
shake,5
fur,3
rule,4
cabin,5
wide,4
like,4
slide,5
thought,7
pull,4
speed,5
middle,6
substance,9
captain,7
nuts,4
finest,6
cake,4
never,5
voyage,6
order,5
told,4
pen,3
outline,7
sink,4
deep,4
shown,5
comfortable,11
door,4
tales,5
lonely,6
everyone,8
hunt,4
popular,7
block,5
snow,4
foot,4
dirty,5
tank,4
from,4
combination,11
thumb,5
unless,6
actually,8
afraid,6
level,5
feathers,8
heading,7
roll,4
let,3
sad,3
strip,5
control,7
lie,3
blue,4
kill,4
year,4
beside,6
local,5
gas,3
become,6
with,4
whole,5
strike,6
favorite,8
applied,7
burn,4
dance,5
brush,5
practical,9
with,4
two,3
author,6
mile,4
mad,3
shirt,5
possible,8
activity,8
feature,7
worse,5
swim,4
function,8
out,3
function,8
army,4
basic,5
thee,4
three,5
gray,4
dream,5
again,5
rays,4
arm,3
eventually,10
chain,5
gave,4
may,3
gulf,4
actually,8
climb,5
location,8
wife,4
lady,4
think,5
handsome,8
sort,4
trap,4
frequently,10
pet,3
purple,6
important,9
constantly,10
while,5
shelter,7
shake,5
cannot,6
yes,3
rose,4
away,4
somewhere,9
key,3
corner,6
within,6
exclaimed,9
perfectly,9
wooden,6
respect,7
smell,5
bone,4
instance,8
mainly,6
early,5
fallen,6
beauty,6
engine,6
broken,6
order,5
rest,4
earlier,7
faster,6
fight,5
cannot,6
merely,6
grade,5
mind,4
discover,8
face,4
shade,5
dress,5
helpful,7
event,5
crew,4
daily,5
attached,8
unit,4
as,2
ran,3
burn,4
add,3
would,5
eight,5
receive,7
being,5
learn,5
dollar,6
copy,4
while,5
waste,5
room,4
stretch,7
evening,7
writing,7
between,7
grew,4
construction,12
lying,5
donkey,6
scientific,10
organized,9
pig,3
room,4
cover,5
collect,7
apartment,9
putting,7
band,4
cotton,6
addition,8
recent,6
ride,4
port,4
outer,5
impossible,10
follow,6
spell,5
bus,3
pen,3
same,4
rush,4
through,7
important,9
greatest,8
worried,7
activity,8
per,3
opposite,8
putting,7
alike,5
solid,5
minute,6
differ,6
practical,9
more,4
land,4
power,5
spirit,6
found,5
best,4
pencil,6
bring,5
visit,5
sheep,5
figure,6
fox,3
machinery,9
generally,9
closely,7
goose,5
leader,6
skin,4
mysterious,10
nails,5
slave,5
feel,4
forgot,6
dropped,7
develop,7
automobile,10
anyway,6
horn,4
struck,6
putting,7
studying,8
tears,5
river,5
distant,7
slightly,8
step,4
vessels,7
smaller,7
dust,4
mental,6
appearance,10
anybody,7
generally,9
anyone,6
might,5
actual,6
bent,4
soon,4
quick,5
well,4
accept,6
upward,6
light,5
cup,3
private,7
sweet,5
swung,5
anything,8
cell,4
pound,5
finger,6
circus,6
report,6
principle,9
lose,4
valley,6
sheep,5
chain,5
send,4
chosen,6
last,4
gravity,7
material,8
ran,3
farmer,6
fox,3
straight,8
leader,6
column,6
lost,4
both,4
fish,4
hello,5
shine,5
copper,6
beautiful,9
motor,5
example,7
snow,4
temperature,11
agree,5
first,5
frequently,10
club,4
southern,8
theory,6
hill,4
program,7
future,6
course,6
furniture,9
trouble,7
flight,6
merely,6
yet,3
enjoy,5
stand,5
determine,9
break,5
solid,5
major,5
page,4
pretty,6
ranch,5
carbon,6
purpose,7
agree,5
meal,4
beneath,7
this,4
yesterday,9
customs,7
hollow,6
curve,5
surrounded,10
modern,6
fur,3
factor,6
eleven,6
victory,7
dream,5
ever,4
hurry,5
doctor,6
nation,6
plural,6
grandmother,11
shadow,6
sing,4
pleasant,8
why,3
neighborhood,12
pour,4
doctor,6
thing,5
quiet,5
knew,4
equal,5
happy,5
interior,8
recall,6
arm,3
kids,4
coffee,6
higher,6
nice,4
native,6
function,8
beautiful,9
excitement,10
walk,4
slowly,6
problem,7
whale,5
money,5
burst,5
form,4
final,5
swept,5
produce,7
meat,4
stream,6
rod,3
make,4
lose,4
daily,5
importance,10
build,5
up,2
everywhere,10
cup,3
becoming,8
done,4
single,6
pan,3
dead,4
nothing,7
social,6
cream,5
using,5
cross,5
brief,5
pattern,7
master,6
earth,5
eight,5
telephone,9
hidden,6
list,4
carefully,9
dangerous,9
value,5
far,3
paint,5
track,5
signal,6
tell,4
hurried,7
red,3
contain,7
slept,5
passage,7
riding,6
finish,6
pattern,7
meat,4
spirit,6
right,5
pull,4
move,4
these,5
verb,4
vegetable,9
gain,4
your,4
care,4
brown,5
break,5
gradually,9
hurried,7
but,3
pot,3
yourself,8
valuable,8
date,4
image,5
spider,6
travel,6
tonight,7
when,4
public,6
short,5
label,5
root,4
within,6
dog,3
finger,6
smell,5
week,4
cattle,6
captured,8
leader,6
bicycle,7
choice,6
interior,8
floating,8
death,5
coming,6
grain,5
blow,4
sight,5
dark,4
combination,11
floating,8
process,7
dirty,5
hello,5
our,3
thrown,6
specific,8
continent,9
eye,3
four,4
identity,8
giant,5
smoke,5
case,4
package,7
north,5
familiar,8
typical,7
cheese,6
soil,4
follow,6
composition,11
bag,3
longer,6
seven,5
sugar,5
earn,4
concerned,9
small,5
mouse,5
pride,5
mean,4
discover,8
held,4
deer,4
machine,7
breathe,7
title,5
present,7
knew,4
bear,4
had,3
stick,5
chapter,7
welcome,7
how,3
among,5
itself,6
ranch,5
pride,5
cookies,7
harbor,6
her,3
trap,4
raw,3
excited,7
graph,5
scientist,9
case,4
creature,8
dear,4
research,8
gas,3
section,7
drink,5
shall,5
try,3
bright,6
lack,4
uncle,5
enjoy,5
weigh,5
light,5
flew,4
sweet,5
show,4
stop,4
canal,5
test,4
catch,5
future,6
sleep,5
take,4
rhythm,6
chief,5
possibly,8
forget,6
differ,6
who,3
arrange,7
second,6
activity,8
pretty,6
ice,3
different,9
cookies,7
negative,8
map,3
value,5
instant,7
wore,4
children,8
diameter,8
saved,5
realize,7
action,6
walk,4
disappear,9
spin,4
double,6
connected,9
science,7
chair,5
slightly,8
women,5
pet,3
each,4
labor,5
station,7
height,6
pay,3
divide,6
too,3
fifteen,7
hungry,6
control,7
fourth,6
only,4
load,4
away,4
accurate,8
finish,6
minerals,8
fish,4
eaten,5
not,3
shake,5
circle,6
discovery,9
sum,3
size,4
shorter,7
fifth,5
audience,8
height,6
experiment,10
dirty,5
work,4
interest,8
tree,4
call,4
worry,5
military,8
accurate,8
hidden,6
gently,6
purpose,7
theory,6
broken,6
aboard,6
student,7
rise,4
enough,6
mud,3
jungle,6
travel,6
chamber,7
scared,6
position,8
excitement,10
trade,5
telephone,9
onto,4
came,4
bush,4
goes,4
solid,5
stood,5
further,7
attached,8
earth,5
brought,7
dog,3
iron,4
relationship,12
determine,9
company,7
friend,6
official,8
neighbor,8
pick,4
parent,6
ourselves,9
herself,7
reader,6
coffee,6
continent,9
wore,4
uncle,5
moment,6
massage,7
see,3
tank,4
rapidly,7
come,4
funny,5
further,7
needs,5
luck,4
tongue,6
stage,5
sign,4
after,5
build,5
observe,7
or,2
stepped,7
fly,3
class,5
solar,5
south,5
give,4
hello,5
cotton,6
rather,6
settlers,8
knowledge,9
drew,4
means,5
simply,6
already,7
support,7
only,4
cool,4
vessels,7
whispered,9
expect,6
pour,4
average,7
globe,5
rule,4
better,6
along,5
double,6
machinery,9
enough,6
bus,3
money,5
copper,6
thank,5
cowboy,6
copy,4
slip,4
heard,5
mad,3
since,5
event,5
master,6
worry,5
swung,5
lovely,6
maybe,5
adult,5
congress,8
become,6
save,4
bite,4
thee,4
thousand,8
suit,4
go,2
stems,5
farm,4
family,6
pride,5
pictured,8
answer,6
call,4
work,4
action,6
path,4
soft,4
race,4
unknown,7
bit,3
direct,6
alphabet,8
current,7
born,4
dawn,4
ago,3
basis,5
morning,7
factory,7
saw,3
chemical,8
loud,4
be,2
develop,7
closely,7
guard,5
union,5
pride,5
wheel,5
go,2
copper,6
broad,5
needs,5
carried,7
straight,8
money,5
pass,4
because,7
wool,4
research,8
popular,7
machine,7
name,4
effort,6
possible,8
express,7
claws,5
riding,6
mark,4
origin,6
world,5
law,3
wheat,5
cake,4
noun,4
fur,3
base,4
hope,4
dot,3
dinner,6
reader,6
full,4
standard,8
his,3
game,4
oxygen,6
driven,6
seeing,6
found,5
come,4
laugh,5
curve,5
shorter,7
manner,6
they,4
complete,8
current,7
wheel,5
actual,6
inch,4
division,8
shinning,8
coach,5
model,5
bell,4
would,5
oldest,6
characteristic,14
whom,4
stand,5
airplane,8
settlers,8
series,6
expect,6
bring,5
said,4
appropriate,11
happily,7
waste,5
out,3
avoid,5
location,8
top,3
smooth,6
pass,4
soldier,7
completely,10
scene,5
birthday,8
whispered,9
feed,4
summer,6
traffic,7
track,5
hospital,8
supply,6
like,4
making,6
income,6
selection,9
one,3
method,6
establish,9
club,4
smooth,6
become,6
fill,4
real,4
blind,5
yet,3
up,2
hard,4
largest,7
well,4
must,4
wish,4
property,8
country,7
agree,5
thirty,6
tiny,4
won,3
underline,9
go,2
question,8
step,4
steep,5
office,6
wood,4
remove,6
seems,5
number,6
faster,6
copper,6
material,8
at,2
string,6
mix,3
alphabet,8
applied,7
entirely,8
base,4
declared,8
trick,5
human,5
some,4
trouble,7
second,6
material,8
beautiful,9
told,4
cow,3
guide,5
explanation,11
stone,5
finish,6
ate,3
electricity,11
sea,3
given,5
tree,4
rise,4
fur,3
else,4
fully,5
experience,10
yesterday,9
shape,5
star,4
compound,8
smell,5
saw,3
design,6
teeth,5
stopped,7
planned,7
trouble,7
they,4
mail,4
electric,8
outer,5
poet,4
speak,5
cup,3
duck,4
small,5
softly,6
hay,3
smoke,5
nervous,7
burn,4
society,7
moon,4
funny,5
stomach,7
solution,8
medicine,8
actually,8
dropped,7
limited,7
indeed,6
origin,6
upward,6
birth,5
card,4
load,4
plane,5
son,3
worse,5
own,3
dark,4
although,8
add,3
kept,4
lift,4
supply,6
science,7
poem,4
surprise,8
tide,4
involved,8
taste,5
pig,3
highway,7
major,5
pass,4
pig,3
apple,5
also,4
suddenly,8
sand,4
dry,3
box,3
replied,7
meal,4
get,3
real,4
test,4
object,6
bus,3
hit,3
particularly,12
behind,6
love,4
invented,8
wrapped,7
proud,5
jump,4
rocky,5
class,5
cover,5
lunch,5
column,6
pet,3
valuable,8
wish,4
score,5
table,5
attention,9
castle,6
drop,4
safety,6
extra,5
fought,6
type,4
connected,9
baseball,8
over,4
gold,4
ants,4
person,6
salmon,6
enough,6
stove,5
most,4
protection,10
expression,10
go,2
slabs,5
ring,4
sink,4
rocky,5
we,2
dig,3
accident,8
bright,6
group,5
distant,7
beat,4
gas,3
toy,3
attached,8
fireplace,9
shop,4
week,4
trail,5
biggest,7
younger,7
pupil,5
person,6
symbol,6
knife,5
pie,3
class,5
move,4
battle,6
been,4
famous,6
direct,6
pack,4
sunlight,8
joined,6
map,3
blank,5
mouth,5
education,9
leave,5
being,5
warn,4
our,3
fallen,6
dish,4
nation,6
spin,4
nature,6
breakfast,9
hour,4
meal,4
fact,4
bat,3
official,8
serve,5
managed,7
elephant,8
open,4
mistake,7
shells,6
introduced,10
reach,5
ill,3
no,2
myself,6
gasoline,8
explain,7
cross,5
suit,4
solve,5
method,6
weight,6
heavy,5
ate,3
ate,3
darkness,8
rain,4
hunter,6
curve,5
mouth,5
different,9
neighbor,8
extra,5
powerful,8
when,4
conversation,12
butter,6
until,5
farmer,6
progress,8
ability,7
visitor,7
information,11
saw,3
indicate,8
copy,4
so,2
gulf,4
opposite,8
sell,4
listen,6
letter,6
problem,7
minute,6
use,3
black,5
jet,3
properly,8
ever,4
she,3
drawn,5
tropical,8
first,5
locate,6
eleven,6
voyage,6
consist,7
but,3
eager,5
proud,5
tired,5
type,4
fine,4
through,7
satellites,10
simply,6
engine,6
welcome,7
rhyme,5
closer,6
fourth,6
leather,7
likely,6
gulf,4
blue,4
cook,4
language,8
split,5
valuable,8
her,3
record,6
hurried,7
day,3
printed,7
relationship,12
choice,6
sale,4
brass,5
who,3
discovery,9
neck,4
slave,5
door,4
according,9
frequently,10
jungle,6
treated,7
hurry,5
diameter,8
no,2
pink,4
example,7
choice,6
voice,5
sport,5
sharp,5
chance,6
add,3
husband,7
vegetable,9
anybody,7
bottom,6
seldom,6
escape,6
fact,4
want,4
sail,4
respect,7
field,5
thing,5
crop,4
straw,5
bring,5
suggest,7
explore,7
sum,3
beyond,6
say,3
threw,5
reason,6
hide,4
paid,4
coming,6
dress,5
found,5
too,3
importance,10
able,4
party,5
that,4
gentle,6
rocket,6
story,5
strength,8
aid,3
refer,5
vessels,7
next,4
reason,6
average,7
depth,5
nuts,4
whistle,7
carefully,9
meal,4
teacher,7
definition,10
imagine,7
equipment,9
plant,5
stems,5
shop,4
powder,6
sand,4
clothes,7
edge,4
excited,7
upon,4
light,5
send,4
chance,6
wrote,5
not,3
property,8
give,4
motion,6
most,4
corner,6
egg,3
threw,5
excellent,9
buried,6
unhappy,7
walk,4
mud,3
heart,5
try,3
come,4
younger,7
wore,4
sense,5
those,5
volume,6
disappear,9
reach,5
seat,4
brother,7
pipe,4
drop,4
promised,8
surprise,8
per,3
atom,4
mill,4
introduced,10
cabin,5
parts,5
eager,5
voice,5
exercise,8
attempt,7
prove,5
wind,4
fed,3
took,4
good,4
bet,3
table,5
dish,4
crack,5
bent,4
beginning,9
fallen,6
each,4
noise,5
left,4
general,7
rise,4
equally,7
smallest,8
decide,6
various,7
alive,5
press,5
check,5
will,4
paint,5
customs,7
donkey,6
pile,4
arm,3
opposite,8
it,2
pot,3
excellent,9
gone,4
screen,6
uncle,5
doing,5
climate,7
late,4
too,3
birth,5
aboard,6
success,7
beauty,6
upper,5
sides,5
sharp,5
play,4
natural,7
obtain,6
one,3
hide,4
other,5
motion,6
steep,5
live,4
magnet,6
language,8
feet,4
trail,5
snake,5
exercise,8
unit,4
certain,7
own,3
law,3
eleven,6
sound,5
manner,6
member,6
fought,6
location,8
official,8
ranch,5
smaller,7
how,3
mix,3
field,5
declared,8
classroom,9
feed,4
machine,7
behind,6
horse,5
section,7
naturally,9
shinning,8
broken,6
visit,5
weak,4
light,5
foreign,7
accident,8
wise,4
second,6
route,5
struggle,8
stepped,7
agree,5
supper,6
ask,3
health,6
friendly,8
nervous,7
band,4
shells,6
total,5
satisfied,9
smoke,5
rule,4
relationship,12
got,3
horse,5
jack,4
happen,6
support,7
park,4
favorite,8
giving,6
public,6
eaten,5
involved,8
race,4
as,2
whale,5
becoming,8
party,5
star,4
gold,4
changing,8
became,6
business,8
dug,3
depend,6
bell,4
chamber,7
middle,6
pen,3
flame,5
trunk,5
open,4
pleasant,8
contain,7
bean,4
post,4
pick,4
business,8
loss,4
represent,9
eventually,10
unhappy,7
begun,5
mind,4
death,5
even,4
sort,4
stone,5
pick,4
around,6
chain,5
protection,10
inch,4
mail,4
thee,4
machine,7
directly,8
shirt,5
into,4
tried,5
tongue,6
silent,6
dangerous,9
run,3
fighting,8
join,4
mile,4
wall,4
whose,5
summer,6
plan,4
loud,4
catch,5
native,6
mile,4
needed,6
represent,9
needle,6
closely,7
wonder,6
learn,5
twice,5
club,4
failed,6
around,6
entirely,8
tired,5
chief,5
farm,4
kind,4
lonely,6
according,9
heading,7
master,6
for,3
labor,5
guard,5
everything,10
hat,3
lead,4
film,4
muscle,6
soft,4
yourself,8
damage,6
read,4
sent,4
aboard,6
capital,7
girl,4
crack,5
warm,4
boy,3
mental,6
see,3
potatoes,8
fighting,8
history,7
felt,4
seen,4
canal,5
review,6
speech,6
horn,4
maybe,5
human,5
press,5
tongue,6
track,5
lot,3
engineer,8
plate,5
safety,6
rough,5
loose,5
lower,5
horn,4
fellow,6
average,7
instead,7
earn,4
consist,7
bear,4
will,4
shape,5
getting,7
fall,4
tropical,8
train,5
according,9
bow,3
progress,8
twenty,6
manufacturing,13
plant,5
pipe,4
herself,7
wet,3
immediately,11
between,7
central,7
feel,4
happily,7
tight,5
military,8
worker,6
finest,6
halfway,7
castle,6
disease,7
job,3
flat,4
breath,6
pocket,6
away,4
was,3
southern,8
beneath,7
pencil,6
brave,5
those,5
black,5
living,6
mice,4
replace,7
down,4
completely,10
hunt,4
machine,7
afraid,6
many,4
see,3
earlier,7
command,7
shown,5
wish,4
love,4
require,7
safe,4
cap,3
sure,4
part,4
declared,8
bad,3
glass,5
wrapped,7
event,5
adjective,9
bigger,6
please,6
earth,5
interior,8
announced,9
jack,4
speak,5
check,5
mind,4
plates,6
palace,6
double,6
herself,7
plant,5
white,5
myself,6
involved,8
herself,7
sad,3
breathing,9
gift,4
silent,6
asleep,6
daughter,8
leave,5
master,6
discuss,7
longer,6
dry,3
curious,7
selection,9
pound,5
island,6
alphabet,8
string,6
gather,6
straw,5
faster,6
action,6
across,6
distance,8
as,2
away,4
door,4
per,3
blind,5
snow,4
distance,8
couple,6
sing,4
ago,3
too,3
well,4
select,6
held,4
belong,6
greatest,8
taken,5
fully,5
cold,4
shore,5
piano,5
carried,7
steam,5
goes,4
stairs,6
age,3
phrase,6
tune,4
yourself,8
twelve,6
lady,4
shake,5
respect,7
claws,5
boat,4
away,4
tell,4
neighbor,8
heavy,5
chemical,8
facing,6
grabbed,7
somebody,8
verb,4
stuck,5
effect,6
thousand,8
prove,5
number,6
plus,4
against,7
hand,4
start,5
board,5
own,3
written,7
dance,5
degree,6
compound,8
east,4
other,5
thousand,8
pour,4
may,3
height,6
school,6
did,3
money,5
slope,5
whom,4
bent,4
driven,6
spread,6
largest,7
accurate,8
opinion,7
tie,3
wrote,5
printed,7
dull,4
influence,9
price,5
split,5
stop,4
daughter,8
region,6
aloud,5
field,5
contain,7
education,9
folks,5
public,6
keep,4
met,3
child,5
nervous,7
trail,5
felt,4
massage,7
load,4
done,4
interior,8
tank,4
deal,4
raise,5
bring,5
knife,5
sang,4
heart,5
from,4
central,7
pound,5
fur,3
place,5
circle,6
scientist,9
interest,8
married,7
cage,4
load,4
cloth,5
men,3
do,2
stopped,7
coming,6
properly,8
stove,5
brain,5
ruler,5
basket,6
business,8
parallel,8
finest,6
dance,5
mood,4
human,5
bell,4
thus,4
range,5
broad,5
down,4
hello,5
sides,5
bread,5
supper,6
swung,5
herself,7
search,6
search,6
flow,4
himself,7
check,5
hot,3
blind,5
provide,7
nobody,6
everywhere,10
union,5
equipment,9
dust,4
nearby,6
see,3
railroad,8
built,5
number,6
band,4
area,4
whole,5
train,5
grew,4
yard,4
birthday,8
porch,5
his,3
shelf,5
safety,6
fear,4
alive,5
tax,3
chamber,7
poet,4
tip,3
fear,4
do,2
strike,6
except,6
taken,5
clock,5
develop,7
rate,4
clothes,7
west,4
pleasure,8
box,3
behavior,8
skill,5
many,4
them,4
grandmother,11
want,4
particularly,12
consonant,9
raw,3
seed,4
stuck,5
house,5
parts,5
value,5
sign,4
root,4
generally,9
largest,7
shown,5
shown,5
around,6
seems,5
hospital,8
speech,6
cost,4
rough,5
sat,3
provide,7
three,5
pie,3
sound,5
quietly,7
curious,7
specific,8
show,4
previous,8
division,8
ground,6
tape,4
indeed,6
shallow,7
stood,5
popular,7
chain,5
ability,7
mud,3
tower,5
oil,3
smooth,6
upper,5
center,6
shells,6
lesson,6
look,4
television,10
wish,4
yet,3
zero,4
troops,6
tune,4
early,5
organization,12
do,2
driver,6
fresh,5
information,11
card,4
complex,7
win,3
explain,7
tired,5
mighty,6
rise,4
feature,7
so,2
charge,6
activity,8
realize,7
wet,3
constantly,10
largest,7
aloud,5
private,7
enjoy,5
let,3
am,2
underline,9
of,2
broken,6
doctor,6
letter,6
strength,8
apple,5
too,3
tobacco,7
substance,9
rule,4
native,6
rubber,6
cannot,6
iron,4
basket,6
how,3
facing,6
quick,5
rock,4
soil,4
magic,5
but,3
limited,7
simply,6
mission,7
helpful,7
kind,4
importance,10
moon,4
bottom,6
whale,5
moment,6
highway,7
fallen,6
human,5
straw,5
at,2
sink,4
soil,4
aloud,5
caught,6
stage,5
blind,5
mouse,5
package,7
industry,8
shelter,7
built,5
station,7
bill,4
stuck,5
soap,4
shape,5
are,3
tube,4
play,4
screen,6
rear,4
green,5
indicate,8
rest,4
instead,7
end,3
anywhere,8
larger,6
camera,6
bare,4
property,8
cave,4
shall,5
successful,10
across,6
drop,4
bow,3
full,4
fifteen,7
fresh,5
married,7
busy,4
everyone,8
become,6
castle,6
various,7
mail,4
vertical,8
select,6
two,3
underline,9
spread,6
play,4
pack,4
increase,8
according,9
weak,4
several,7
bean,4
hearing,7
ancient,7
outer,5
quite,5
school,6
character,9
possibly,8
shine,5
fifth,5
tightly,7
cold,4
zoo,3
television,10
knowledge,9
evidence,8
mostly,6
wall,4
lie,3
lake,4
poet,4
tent,4
bit,3
kind,4
far,3
enjoy,5
neighborhood,12
locate,6
possible,8
equal,5
pick,4
type,4
lunch,5
fireplace,9
cast,4
off,3
important,9
spin,4
selection,9
printed,7
thumb,5
pack,4
expect,6
national,8
it,2
religious,9
compound,8
science,7
coal,4
leader,6
neighbor,8
nearby,6
fight,5
stuck,5
factor,6
hang,4
nose,4
pleasant,8
within,6
silver,6
account,7
corner,6
layers,6
species,7
officer,7
curve,5
element,7
due,3
design,6
hair,4
raw,3
luck,4
studying,8
courage,7
valuable,8
wind,4
account,7
began,5
material,8
gate,4
did,3
method,6
experiment,10
sugar,5
slip,4
weather,7
former,6
spell,5
upward,6
poetry,6
swim,4
national,8
sense,5
building,8
example,7
movement,8
pitch,5
cotton,6
that,4
combination,11
pride,5
night,5
wait,4
clothing,8
explanation,11
teach,5
into,4
drop,4
serve,5
wool,4
brief,5
popular,7
everything,10
interior,8
pattern,7
water,5
park,4
drawn,5
yellow,6
organization,12
me,2
combine,7
went,4
done,4
plane,5
film,4
become,6
whistle,7
frequently,10
western,7
simple,6
apartment,9
sound,5
audience,8
room,4
teeth,5
nose,4
he,2
ever,4
tribe,5
calm,4
carefully,9
over,4
palace,6
popular,7
frighten,8
direction,9
giant,5
tin,3
worried,7
go,2
never,5
book,4
setting,7
season,6
gather,6
want,4
wave,4
walk,4
aside,5
court,5
ship,4
beginning,9
pleasant,8
tone,4
answer,6
rocket,6
happy,5
past,4
plan,4
gas,3
empty,5
crew,4
only,4
join,4
most,4
castle,6
fireplace,9
got,3
fastened,8
western,7
front,5
hidden,6
stiff,5
string,6
notice,6
raise,5
fear,4
common,6
copy,4
chicken,7
cut,3
will,4
everything,10
characteristic,14
sitting,7
taken,5
silly,5
football,8
daily,5
fat,3
cap,3
length,6
fox,3
count,5
chamber,7
regular,7
written,7
rule,4
guess,5
central,7
work,4
circle,6
mighty,6
driving,7
move,4
rocky,5
took,4
rod,3
cast,4
observe,7
nature,6
ancient,7
maybe,5
exchange,8
angle,5
left,4
solve,5
pot,3
himself,7
road,4
without,7
can,3
electricity,11
frozen,6
bottle,6
treated,7
danger,6
onto,4
tried,5
shelf,5
carried,7
face,4
company,7
piano,5
ability,7
off,3
favorite,8
air,3
whole,5
wave,4
wing,4
or,2
chain,5
beside,6
develop,7
luck,4
would,5
safety,6
way,3
usually,7
we,2
frequently,10
carried,7
butter,6
bone,4
sound,5
stove,5
fellow,6
animal,6
fear,4
gave,4
show,4
individual,10
principle,9
put,3
trap,4
nuts,4
teacher,7
noon,4
rapidly,7
refer,5
toy,3
love,4
anyone,6
promised,8
gain,4
transportation,14
dawn,4
circus,6
avoid,5
game,4
gas,3
rhythm,6
military,8
ground,6
helpful,7
raw,3
engineer,8
poet,4
letter,6
task,4
mile,4
bank,4
atomic,6
step,4
remain,6
badly,5
card,4
wood,4
rather,6
sat,3
else,4
gave,4
widely,6
enemy,5
drove,5
smoke,5
stuck,5
express,7
model,5
setting,7
smile,5
still,5
escape,6
push,4
secret,6
political,9
principal,9
port,4
classroom,9
dry,3
tall,4
tune,4
point,5
perhaps,7
damage,6
weak,4
at,2
nine,4
knew,4
wish,4
definition,10
pile,4
whenever,8
was,3
large,5
invented,8
basket,6
oldest,6
station,7
distance,8
rays,4
become,6
branch,6
slowly,6
gulf,4
pig,3
son,3
favorite,8
gave,4
broken,6
origin,6
snake,5
anybody,7
mixture,7
kind,4
out,3
afternoon,9
us,2
route,5
official,8
remember,8
press,5
sheep,5
surprise,8
small,5
beyond,6
store,5
such,4
harbor,6
changing,8
bound,5
angry,5
traffic,7
earth,5
deal,4
potatoes,8
pound,5
have,4
research,8
copy,4
instrument,10
tightly,7
sing,4
cake,4
image,5
straw,5
fine,4
idea,4
chief,5
person,6
smile,5
primitive,9
saw,3
familiar,8
railroad,8
practice,8
look,4
you,3
rather,6
cause,5
six,3
common,6
does,4
shadow,6
motion,6
steady,6
declared,8
shine,5
sang,4
cool,4
piece,5
willing,7
article,7
express,7
bent,4
final,5
forget,6
compass,7
able,4
smoke,5
rise,4
instance,8
broken,6
simple,6
mind,4
opportunity,11
zoo,3
foot,4
metal,5
fire,4
climate,7
fort,4
especially,10
swim,4
certainly,9
fear,4
situation,9
hair,4
globe,5
pair,4
medicine,8
paint,5
alike,5
quarter,7
inch,4
simply,6
since,5
purpose,7
human,5
calm,4
roof,4
author,6
difficult,9
needs,5
son,3
riding,6
history,7
modern,6
rear,4
later,5
go,2
clothes,7
led,3
simply,6
kitchen,7
handle,6
deeply,6
soft,4
setting,7
raw,3
region,6
built,5
perfect,7
drive,5
fourth,6
everywhere,10
greater,7
stairs,6
magic,5
bark,4
baby,4
slight,6
rising,6
fastened,8
shop,4
complex,7
know,4
route,5
tightly,7
perfect,7
finger,6
massage,7
course,6
box,3
split,5
solution,8
wind,4
percent,7
also,4
sing,4
memory,6
beat,4
doll,4
arrive,6
scene,5
put,3
worried,7
nodded,6
time,4
way,3
shine,5
plenty,6
definition,10
heard,5
block,5
but,3
drove,5
uncle,5
cabin,5
kids,4
master,6
supply,6
phrase,6
in,2
personal,8
strength,8
feel,4
green,5
swung,5
hung,4
southern,8
location,8
couple,6
single,6
through,7
hair,4
lay,3
yesterday,9
already,7
well,4
square,6
flew,4
was,3
gather,6
burn,4
or,2
earth,5
course,6
spring,6
forgot,6
warn,4
actual,6
our,3
led,3
slide,5
sad,3
without,7
stock,5
grain,5
least,5
end,3
return,6
safe,4
throat,6
huge,4
heat,4
level,5
popular,7
term,4
pole,4
easy,4
them,4
wash,4
at,2
cry,3
spirit,6
occur,5
serve,5
ability,7
travel,6
addition,8
social,6
bag,3
dirty,5
animal,6
broad,5
does,4
customs,7
course,6
atom,4
sense,5
naturally,9
about,5
flame,5
eight,5
several,7
ear,3
correct,7
average,7
pie,3
rich,4
physical,8
trace,5
after,5
swimming,8
tree,4
fully,5
divide,6
measure,7
diagram,7
than,4
lake,4
do,2
previous,8
studied,7
badly,5
dog,3
series,6
model,5
experience,10
to,2
aboard,6
seldom,6
act,3
opinion,7
than,4
none,4
paper,5
gray,4
tightly,7
measure,7
such,4
touch,5
desk,4
onto,4
fear,4
having,6
swept,5
couple,6
habit,5
doll,4
high,4
natural,7
floating,8
tip,3
salmon,6
opportunity,11
make,4
human,5
control,7
grown,5
buffalo,7
nuts,4
country,7
top,3
apple,5
route,5
cake,4
spider,6
obtain,6
word,4
doll,4
situation,9
meant,5
chance,6
brown,5
difficult,9
compound,8
idea,4
average,7
correct,7
empty,5
important,9
tiny,4
doctor,6
off,3
grabbed,7
silence,7
wall,4
continent,9
off,3
ahead,5
pass,4
spin,4
average,7
shine,5
catch,5
audience,8
said,4
someone,7
small,5
war,3
deer,4
task,4
paid,4
range,5
lower,5
repeat,6
feathers,8
breeze,6
native,6
discover,8
tea,3
flight,6
actual,6
weigh,5
especially,10
base,4
faster,6
sheep,5
call,4
sit,3
machinery,9
be,2
belt,4
joined,6
beautiful,9
gold,4
jar,3
battle,6
experience,10
son,3
wait,4
nine,4
into,4
raw,3
paint,5
select,6
obtain,6
snow,4
us,2
signal,6
clothes,7
five,4
express,7
coast,5
bus,3
rise,4
package,7
opinion,7
outline,7
fastened,8
farther,7
pan,3
impossible,10
air,3
fuel,4
element,7
friend,6
children,8
board,5
ice,3
shaking,7
ride,4
triangle,8
when,4
rays,4
wave,4
given,5
organization,12
different,9
reason,6
interior,8
compound,8
cause,5
date,4
effort,6
trap,4
soldier,7
history,7
ago,3
string,6
bar,3
wheel,5
mail,4
own,3
accident,8
threw,5
fellow,6
political,9
slope,5
bend,4
disease,7
into,4
fresh,5
state,5
easy,4
rays,4
sea,3
summer,6
voyage,6
drink,5
happen,6
them,4
swam,4
captured,8
silly,5
badly,5
angry,5
able,4
stock,5
shot,4
identity,8
test,4
perfectly,9
share,5
fix,3
bring,5
case,4
structure,9
cage,4
pair,4
map,3
teach,5
night,5
single,6
film,4
saddle,6
explore,7
headed,6
conversation,12
sing,4
smooth,6
all,3
effort,6
tales,5
sheet,5
ought,5
run,3
needs,5
speech,6
variety,7
ask,3
forward,7
divide,6
garden,6
higher,6
ocean,5
journey,7
idea,4
captured,8
condition,9
supper,6
getting,7
top,3
customs,7
pot,3
giving,6
other,5
powerful,8
shown,5
roar,4
ten,3
summer,6
pass,4
widely,6
turn,4
driver,6
rear,4
wave,4
opinion,7
difficulty,10
prize,5
short,5
hand,4
circus,6
already,7
duck,4
meet,4
limited,7
charge,6
rise,4
thank,5
inside,6
waste,5
give,4
population,10
glass,5
forgotten,9
level,5
syllable,8
throat,6
across,6
factory,7
route,5
something,9
struggle,8
us,2
plan,4
thousand,8
entirely,8
clearly,7
tight,5
year,4
medicine,8
arrange,7
balance,7
force,5
instrument,10
activity,8
important,9
musical,7
battle,6
percent,7
rubber,6
truck,5
however,7
due,3
muscle,6
older,5
try,3
drove,5
your,4
noon,4
struck,6
mainly,6
silent,6
canal,5
plastic,7
doubt,5
foreign,7
nobody,6
shine,5
stage,5
calm,4
copper,6
general,7
source,6
rough,5
positive,8
spirit,6
use,3
arrange,7
butter,6
similar,7
way,3
surrounded,10
energy,6
copper,6
hardly,6
smoke,5
within,6
buy,3
government,10
ate,3
ourselves,9
forty,5
science,7
vapor,5
foot,4
us,2
block,5
beautiful,9
particles,9
happened,8
bend,4
regular,7
got,3
glad,4
small,5
city,4
leaving,7
on,2
refer,5
likely,6
against,7
threw,5
something,9
outside,7
information,11
gain,4
period,6
palace,6
farm,4
nearly,6
lying,5
baby,4
research,8
climate,7
finish,6
leather,7
driving,7
finger,6
oldest,6
anything,8
skin,4
difficult,9
paint,5
satisfied,9
taught,6
bark,4
seeing,6
middle,6
beat,4
climb,5
village,7
tail,4
mountain,8
traffic,7
once,4
inside,6
discuss,7
that,4
interior,8
coal,4
fully,5
division,8
bee,3
desert,6
team,4
evening,7
waste,5
shadow,6
begun,5
rubbed,6
body,4
place,5
captain,7
type,4
former,6
desk,4
share,5
pair,4
brass,5
invented,8
carry,5
donkey,6
built,5
mad,3
ground,6
industry,8
dream,5
choice,6
decide,6
worse,5
standard,8
seen,4
alike,5
weather,7
equipment,9
scared,6
interest,8
sand,4
pony,4
cannot,6
smell,5
evidence,8
matter,6
plane,5
nature,6
than,4
giant,5
supper,6
government,10
teach,5
instrument,10
basic,5
rubbed,6
source,6
bee,3
president,9
nobody,6
plenty,6
eye,3
tight,5
rose,4
medicine,8
worth,5
repeat,6
hearing,7
bus,3
compare,7
breath,6
hunt,4
attention,9
energy,6
opportunity,11
were,4
solid,5
fourth,6
place,5
coat,4
got,3
then,4
this,4
spoken,6
compare,7
surrounded,10
help,4
combination,11
instance,8
taught,6
dangerous,9
with,4
slightly,8
heard,5
silk,4
sense,5
herself,7
expect,6
establish,9
turn,4
office,6
period,6
anything,8
introduced,10
chain,5
leaf,4
slope,5
foot,4
kitchen,7
stop,4
palace,6
herself,7
save,4
printed,7
cell,4
engine,6
floor,5
rays,4
properly,8
loud,4
putting,7
left,4
related,7
felt,4
coat,4
captured,8
leave,5
pick,4
broke,5
wire,4
football,8
ancient,7
verb,4
later,5
exactly,7
per,3
using,5
hunt,4
common,6
am,2
lose,4
manner,6
desk,4
accept,6
twenty,6
grandmother,11
stretch,7
shells,6
did,3
person,6
real,4
proper,6
today,5
ruler,5
locate,6
putting,7
clearly,7
tiny,4
breath,6
wrong,5
hat,3
cave,4
whispered,9
shade,5
stage,5
further,7
whispered,9
largest,7
better,6
shelf,5
tired,5
double,6
circle,6
already,7
outer,5
increase,8
history,7
independent,11
fall,4
swam,4
death,5
enter,5
science,7
person,6
pet,3
compound,8
queen,5
die,3
probably,8
sink,4
nails,5
short,5
prize,5
wet,3
success,7
most,4
promised,8
gray,4
develop,7
explanation,11
room,4
question,8
whale,5
attention,9
bottom,6
arrange,7
hand,4
student,7
judge,5
blew,4
failed,6
mix,3
real,4
discovery,9
here,4
stranger,8
stared,6
breathe,7
deer,4
tobacco,7
original,8
dried,5
ring,4
likely,6
dropped,7
obtain,6
simply,6
with,4
push,4
draw,4
girl,4
variety,7
weigh,5
industrial,10
wealth,6
noon,4
plane,5
my,2
section,7
command,7
stood,5
scale,5
here,4
supper,6
practical,9
nation,6
slope,5
light,5
probably,8
court,5
cold,4
ever,4
object,6
spite,5
feel,4
stronger,8
wolf,4
drew,4
being,5
drive,5
wool,4
eat,3
fight,5
simply,6
able,4
deeply,6
there,5
weight,6
poor,4
replace,7
scene,5
entirely,8
start,5
arrangement,11
jump,4
longer,6
series,6
does,4
carefully,9
light,5
mouth,5
engine,6
stairs,6
ocean,5
pole,4
active,6
wind,4
name,4
cow,3
crowd,5
road,4
bus,3
desk,4
note,4
ever,4
won,3
want,4
weak,4
by,2
mysterious,10
sat,3
ability,7
everything,10
parts,5
younger,7
hold,4
price,5
noun,4
burn,4
place,5
sense,5
express,7
ocean,5
favorite,8
sharp,5
pressure,8
push,4
entirely,8
weather,7
allow,5
globe,5
way,3
wrapped,7
difficulty,10
mother,6
yard,4
serve,5
globe,5
mainly,6
chosen,6
lake,4
fifteen,7
particular,10
graph,5
door,4
something,9
beneath,7
bee,3
since,5
row,3
football,8
forgot,6
flew,4
music,5
temperature,11
breeze,6
story,5
able,4
finest,6
consist,7
join,4
frame,5
headed,6
scene,5
feet,4
shake,5
stuck,5
once,4
cast,4
quickly,7
opinion,7
member,6
rain,4
vessels,7
power,5
summer,6
natural,7
trade,5
alone,5
rush,4
author,6
shelter,7
underline,9
row,3
frog,4
pole,4
hall,4
told,4
size,4
dropped,7
crack,5
herself,7
flame,5
table,5
western,7
electricity,11
cost,4
sold,4
excited,7
fence,5
silence,7
choice,6
fuel,4
band,4
written,7
season,6
cell,4
fellow,6
fairly,6
dish,4
end,3
mountain,8
clean,5
harder,6
setting,7
tight,5
location,8
noun,4
tired,5
goes,4
piano,5
fruit,5
struck,6
extra,5
dinner,6
mass,4
arrive,6
value,5
line,4
vegetable,9
ice,3
snake,5
drink,5
work,4
honor,5
fall,4
television,10
bare,4
help,4
effort,6
nine,4
means,5
along,5
strip,5
master,6
darkness,8
dark,4
congress,8
have,4
friend,6
deal,4
apart,5
these,5
layers,6
within,6
label,5
pleasant,8
possibly,8
duck,4
cave,4
center,6
love,4
would,5
am,2
deal,4
dirt,4
seen,4
enjoy,5
practical,9
solve,5
road,4
series,6
other,5
row,3
fuel,4
older,5
silence,7
afraid,6
hollow,6
larger,6
answer,6
fun,3
yesterday,9
turn,4
animal,6
tip,3
soap,4
shop,4
trade,5
jungle,6
brick,5
feet,4
fat,3
police,6
dog,3
concerned,9
snake,5
explore,7
rhyme,5
official,8
replied,7
promised,8
location,8
fill,4
angry,5
far,3
copper,6
former,6
point,5
percent,7
wolf,4
each,4
mysterious,10
pass,4
bend,4
third,5
fully,5
flat,4
purple,6
them,4
composed,8
white,5
heavy,5
depth,5
machine,7
program,7
seeing,6
step,4
direction,9
dangerous,9
good,4
passage,7
sink,4
find,4
satellites,10
noun,4
union,5
consider,8
plan,4
left,4
horn,4
ahead,5
wooden,6
personal,8
suddenly,8
substance,9
quick,5
directly,8
natural,7
rapidly,7
lesson,6
draw,4
command,7
exchange,8
pipe,4
tired,5
disappear,9
suppose,7
angry,5
stomach,7
unit,4
extra,5
suppose,7
harder,6
pride,5
protection,10
cookies,7
primitive,9
week,4
motor,5
fed,3
size,4
larger,6
frighten,8
four,4
pet,3
bound,5
pride,5
quite,5
unhappy,7
sail,4
sink,4
creature,8
between,7
later,5
lie,3
wore,4
common,6
environment,11
parent,6
town,4
breathing,9
breakfast,9
pass,4
fireplace,9
bar,3
copy,4
opposite,8
saw,3
wire,4
direct,6
fix,3
throat,6
yet,3
pitch,5
jet,3
die,3
fine,4
these,5
act,3
right,5
bill,4
lips,4
pleasure,8
rubber,6
iron,4
against,7
science,7
season,6
monkey,6
lake,4
yourself,8
satisfied,9
wool,4
every,5
affect,6
article,7
tales,5
pain,4
son,3
if,2
bigger,6
prize,5
at,2
become,6
sing,4
attached,8
ants,4
visit,5
follow,6
sweet,5
difference,10
mass,4
think,5
cost,4
husband,7
leaf,4
silver,6
few,3
hurried,7
replace,7
birth,5
purpose,7
drew,4
sugar,5
built,5
important,9
concerned,9
muscle,6
perhaps,7
nearby,6
gentle,6
spirit,6
later,5
up,2
blood,5
add,3
art,3
hunter,6
form,4
arrive,6
cell,4
contain,7
process,7
torn,4
uncle,5
situation,9
usual,5
tip,3
meant,5
popular,7
dot,3
man,3
thousand,8
congress,8
policeman,9
gradually,9
know,4
silly,5
high,4
article,7
hope,4
circle,6
riding,6
repeat,6
bag,3
universe,8
several,7
catch,5
exchange,8
indicate,8
forward,7
did,3
everywhere,10
diagram,7
forth,5
gold,4
area,4
wing,4
popular,7
seldom,6
base,4
weak,4
amount,6
porch,5
lesson,6
cream,5
hurt,4
behavior,8
asleep,6
tower,5
one,3
pure,4
move,4
example,7
vote,4
list,4
his,3
scene,5
choose,6
tube,4
hand,4
thus,4
conversation,12
keep,4
pattern,7
constantly,10
stand,5
farm,4
led,3
nose,4
game,4
half,4
medicine,8
level,5
available,9
fly,3
than,4
route,5
roar,4
know,4
completely,10
fuel,4
family,6
duty,4
rush,4
audience,8
coal,4
treated,7
develop,7
stone,5
running,7
surrounded,10
smallest,8
quickly,7
pass,4
these,5
vessels,7
shout,5
knowledge,9
silly,5
lack,4
outline,7
society,7
gold,4
mind,4
gradually,9
collect,7
orange,6
author,6
sharp,5
fill,4
wooden,6
thee,4
second,6
belong,6
program,7
citizen,7
or,2
sudden,6
fair,4
shoe,4
running,7
noted,5
riding,6
silence,7
grain,5
public,6
region,6
ride,4
blew,4
comfortable,11
weigh,5
silver,6
sea,3
learn,5
by,2
tropical,8
sugar,5
bell,4
judge,5
mixture,7
therefore,9
fill,4
lamp,4
worker,6
no,2
smooth,6
become,6
movement,8
call,4
pencil,6
shoe,4
station,7
fell,4
more,4
sunlight,8
means,5
five,4
softly,6
printed,7
beyond,6
event,5
loose,5
promised,8
table,5
signal,6
rock,4
mix,3
market,6
all,3
telephone,9
school,6
master,6
bicycle,7
sit,3
thread,6
please,6
page,4
door,4
iron,4
spend,5
weigh,5
include,7
stay,4
friend,6
taste,5
done,4
follow,6
river,5
frame,5
to,2
fight,5
till,4
account,7
any,3
face,4
visitor,7
safe,4
frighten,8
creature,8
swam,4
receive,7
yellow,6
wheel,5
prepare,7
body,4
piano,5
planned,7
mass,4
whatever,8
difference,10
pig,3
led,3
skill,5
high,4
outline,7
real,4
stick,5
remarkable,10
hurried,7
rest,4
fine,4
anything,8
sea,3
bat,3
proud,5
product,7
frighten,8
remember,8
parallel,8
mouse,5
weigh,5
garden,6
friend,6
men,3
fly,3
supply,6
against,7
cup,3
still,5
child,5
pay,3
effort,6
instant,7
unknown,7
hour,4
left,4
instance,8
progress,8
to,2
know,4
nature,6
paint,5
long,4
worse,5
beat,4
note,4
stranger,8
afraid,6
brush,5
indicate,8
memory,6
call,4
control,7
education,9
vapor,5
consider,8
bad,3
is,2
brown,5
minute,6
both,4
tone,4
exciting,8
series,6
period,6
engine,6
long,4
comfortable,11
women,5
herd,4
sang,4
canal,5
country,7
adult,5
child,5
heard,5
particles,9
from,4
means,5
suggest,7
atom,4
twenty,6
process,7
sink,4
weight,6
chosen,6
origin,6
running,7
function,8
hunter,6
neck,4
very,4
mad,3
fewer,5
vast,4
blanket,7
supply,6
mail,4
pick,4
last,4
truth,5
poetry,6
speed,5
have,4
eight,5
giant,5
grow,4
said,4
with,4
scientific,10
judge,5
fox,3
if,2
troops,6
duck,4
cowboy,6
count,5
once,4
them,4
enough,6
finger,6
garden,6
happened,8
forgotten,9
clock,5
carefully,9
fireplace,9
ship,4
stand,5
split,5
hardly,6
traffic,7
caught,6
think,5
fought,6
promised,8
something,9
planning,8
or,2
establish,9
beginning,9
live,4
common,6
sing,4
bell,4
onto,4
shot,4
friendly,8
plane,5
doing,5
something,9
value,5
told,4
fully,5
closer,6
damage,6
answer,6
another,7
hold,4
roar,4
won,3
understanding,13
graph,5
skin,4
material,8
pour,4
paper,5
remember,8
shoe,4
gulf,4
future,6
horse,5
question,8
brief,5
stomach,7
closely,7
sudden,6
found,5
reach,5
memory,6
use,3
subject,7
for,3
grandfather,11
series,6
shop,4
sudden,6
trap,4
nails,5
tide,4
airplane,8
tales,5
along,5
diameter,8
scientific,10
oxygen,6
ants,4
drop,4
reader,6
curious,7
rubbed,6
have,4
business,8
question,8
join,4
studying,8
so,2
simply,6
club,4
fastened,8
felt,4
home,4
hat,3
saved,5
impossible,10
base,4
herd,4
care,4
said,4
muscle,6
radio,5
lack,4
enemy,5
are,3
getting,7
center,6
back,4
level,5
shoot,5
care,4
grow,4
string,6
nails,5
officer,7
women,5
allow,5
fastened,8
sort,4
skin,4
tree,4
package,7
center,6
court,5
consist,7
bad,3
case,4
laid,4
frighten,8
facing,6
school,6
sheep,5
saved,5
wise,4
fort,4
chapter,7
completely,10
birthday,8
broke,5
dog,3
pleasure,8
listen,6
detail,6
grass,5
title,5
chamber,7
southern,8
tank,4
would,5
smooth,6
friendly,8
mission,7
roof,4
basic,5
character,9
carry,5
help,4
damage,6
birthday,8
accurate,8
golden,6
gold,4
found,5
sea,3
passage,7
our,3
path,4
were,4
life,4
rise,4
previous,8
slow,4
surface,7
twice,5
certain,7
machinery,9
reason,6
already,7
barn,4
tube,4
is,2
thirty,6
feed,4
motor,5
edge,4
warn,4
making,6
compare,7
son,3
swam,4
nodded,6
knew,4
edge,4
flew,4
dark,4
did,3
near,4
teeth,5
show,4
pitch,5
flower,6
led,3
wave,4
draw,4
suddenly,8
anywhere,8
every,5
cook,4
anything,8
birth,5
shallow,7
swim,4
flies,5
include,7
whispered,9
period,6
nodded,6
doing,5
eager,5
driven,6
perfectly,9
price,5
joined,6
one,3
lower,5
camera,6
steam,5
vertical,8
broad,5
older,5
along,5
all,3
shoe,4
section,7
wall,4
rush,4
wear,4
post,4
pine,4
led,3
fed,3
species,7
atmosphere,10
be,2
bite,4
film,4
trunk,5
be,2
equally,7
setting,7
swim,4
care,4
supply,6
suppose,7
vapor,5
prize,5
excited,7
when,4
parallel,8
harbor,6
experiment,10
goose,5
medicine,8
party,5
standard,8
transportation,14
dug,3
accept,6
busy,4
soldier,7
enter,5
trick,5
cookies,7
complete,8
jet,3
call,4
organization,12
zero,4
wolf,4
former,6
captured,8
pony,4
sink,4
offer,5
scientist,9
forgotten,9
speed,5
whose,5
tears,5
except,6
him,3
cowboy,6
meet,4
stronger,8
motion,6
hello,5
book,4
flight,6
gulf,4
widely,6
break,5
quickly,7
yourself,8
pencil,6
additional,10
took,4
smell,5
lay,3
cell,4
industrial,10
our,3
sort,4
slave,5
in,2
claws,5
such,4
broke,5
rear,4
immediately,11
wore,4
apple,5
condition,9
taught,6
tears,5
gain,4
river,5
got,3
lunch,5
friendly,8
money,5
shore,5
dust,4
give,4
late,4
forward,7
nervous,7
monkey,6
last,4
finish,6
level,5
object,6
please,6
underline,9
final,5
till,4
tie,3
pressure,8
voyage,6
lift,4
laugh,5
entire,6
hardly,6
make,4
syllable,8
mysterious,10
consider,8
tobacco,7
word,4
idea,4
flag,4
audience,8
experience,10
sit,3
remember,8
accurate,8
notice,6
grown,5
topic,5
pick,4
team,4
within,6
roll,4
village,7
magnet,6
build,5
happy,5
vessels,7
sitting,7
electricity,11
speech,6
never,5
mainly,6
game,4
put,3
idea,4
government,10
stop,4
particles,9
most,4
near,4
base,4
three,5
difficult,9
title,5
picture,7
night,5
main,4
neighborhood,12
language,8
satellites,10
movie,5
stems,5
view,4
gun,3
whole,5
hundred,7
when,4
exciting,8
sold,4
tobacco,7
band,4
teacher,7
solar,5
stove,5
bite,4
liquid,6
corner,6
trail,5
break,5
standard,8
coach,5
morning,7
toward,6
fighting,8
game,4
thee,4
child,5
anyway,6
create,6
taken,5
parallel,8
nor,3
structure,9
master,6
visit,5
wife,4
plan,4
through,7
not,3
harder,6
greater,7
themselves,10
spring,6
perhaps,7
brief,5
fall,4
wing,4
stiff,5
past,4
grade,5
driven,6
tail,4
last,4
depth,5
shore,5
happened,8
no,2
sheep,5
sale,4
remarkable,10
naturally,9
fix,3
class,5
telephone,9
root,4
wave,4
hay,3
exchange,8
further,7
bar,3
none,4
cold,4
see,3
sides,5
shells,6
pride,5
account,7
lake,4
drew,4
blow,4
long,4
myself,6
see,3
guard,5
bit,3
attached,8
determine,9
rising,6
quick,5
fireplace,9
typical,7
sheet,5
spider,6
yourself,8
gate,4
attached,8
spend,5
cowboy,6
follow,6
nodded,6
grandmother,11
activity,8
bean,4
front,5
graph,5
greatly,7
branch,6
meat,4
orbit,5
let,3
structure,9
enough,6
shorter,7
gulf,4
mission,7
type,4
motion,6
twelve,6
exclaimed,9
egg,3
tree,4
grandfather,11
canal,5
certain,7
today,5
win,3
flew,4
faster,6
through,7
sat,3
struggle,8
blow,4
seems,5
ranch,5
log,3
whenever,8
fur,3
use,3
traffic,7
sad,3
hang,4
army,4
in,2
idea,4
second,6
leaf,4
electricity,11
chapter,7
seat,4
choose,6
whistle,7
stone,5
manufacturing,13
judge,5
aware,5
ear,3
vegetable,9
hope,4
plane,5
allow,5
ought,5
milk,4
twelve,6
chamber,7
darkness,8
arrange,7
naturally,9
lead,4
experience,10
scared,6
soft,4
ask,3
brush,5
rhythm,6
few,3
giving,6
determine,9
before,6
discover,8
order,5
slow,4
sing,4
anyone,6
cloth,5
spread,6
choice,6
each,4
knife,5
process,7
elephant,8
snow,4
chain,5
worse,5
school,6
foreign,7
earth,5
street,6
cat,3
mirror,6
muscle,6
opposite,8
pine,4
seeing,6
various,7
mice,4
worry,5
rush,4
iron,4
pine,4
friend,6
him,3
pink,4
electricity,11
hundred,7
properly,8
root,4
bowl,4
nobody,6
block,5
note,4
still,5
who,3
church,6
chicken,7
occur,5
want,4
family,6
ate,3
stranger,8
spirit,6
determine,9
bright,6
somewhere,9
effort,6
loss,4
material,8
sick,4
got,3
central,7
public,6
hunt,4
say,3
nothing,7
only,4
obtain,6
cloud,5
basis,5
zero,4
perhaps,7
use,3
buy,3
empty,5
car,3
thou,4
principal,9
inside,6
rest,4
pilot,5
local,5
attached,8
street,6
indeed,6
hurried,7
stone,5
remember,8
tape,4
lower,5
certain,7
vegetable,9
carbon,6
remember,8
cream,5
yourself,8
forty,5
will,4
forest,6
spin,4
handsome,8
brief,5
deep,4
feet,4
series,6
triangle,8
hill,4
charge,6
bare,4
us,2
smooth,6
clear,5
imagine,7
post,4
worker,6
rising,6
examine,7
whole,5
tape,4
mine,4
driven,6
central,7
hand,4
four,4
fighting,8
recent,6
hello,5
tales,5
buffalo,7
canal,5
total,5
substance,9
pocket,6
somebody,8
became,6
done,4
at,2
bite,4
empty,5
sleep,5
exactly,7
voyage,6
citizen,7
brief,5
such,4
replace,7
trade,5
nobody,6
shot,4
stove,5
outer,5
found,5
discussion,10
stick,5
former,6
port,4
sea,3
wooden,6
warm,4
his,3
blank,5
these,5
symbol,6
dog,3
establish,9
drop,4
atmosphere,10
forgotten,9
settlers,8
full,4
slipped,7
death,5
sheep,5
direct,6
full,4
nose,4
complete,8
using,5
did,3
trade,5
surrounded,10
carefully,9
farm,4
children,8
growth,6
theory,6
comfortable,11
about,5
memory,6
mood,4
himself,7
bat,3
about,5
combination,11
next,4
powder,6
hay,3
reach,5
fence,5
labor,5
record,6
immediately,11
four,4
experiment,10
unless,6
got,3
throw,5
feel,4
size,4
extra,5
halfway,7
mother,6
settle,6
themselves,10
slept,5
depend,6
remove,6
did,3
welcome,7
business,8
brother,7
fifth,5
warm,4
field,5
team,4
different,9
across,6
closely,7
expression,10
provide,7
conversation,12
taught,6
clothes,7
time,4
finish,6
primitive,9
furniture,9
passage,7
do,2
probably,8
elephant,8
bark,4
step,4
loud,4
available,9
engine,6
audience,8
leather,7
grandfather,11
subject,7
close,5
summer,6
feed,4
sure,4
tell,4
smell,5
strength,8
section,7
perhaps,7
classroom,9
for,3
rice,4
entire,6
begun,5
screen,6
equipment,9
forgot,6
its,3
nervous,7
load,4
bridge,6
observe,7
shoulder,8
poet,4
stopped,7
dance,5
shot,4
if,2
tent,4
partly,6
massage,7
exchange,8
body,4
rocket,6
plenty,6
rise,4
this,4
seed,4
weak,4
hello,5
chose,5
sum,3
sun,3
forget,6
summer,6
twenty,6
soft,4
wait,4
bag,3
sleep,5
hearing,7
traffic,7
upward,6
health,6
part,4
mission,7
share,5
age,3
melted,6
stronger,8
seldom,6
partly,6
bowl,4
show,4
bean,4
future,6
were,4
condition,9
under,5
call,4
hunter,6
distance,8
sure,4
uncle,5
fly,3
interest,8
birthday,8
compound,8
fighting,8
suppose,7
anything,8
guess,5
till,4
eat,3
horse,5
captain,7
met,3
my,2
lead,4
across,6
teeth,5
go,2
whispered,9
smooth,6
bean,4
truck,5
frog,4
find,4
free,4
evidence,8
won,3
swimming,8
farther,7
feathers,8
palace,6
blind,5
matter,6
trouble,7
surprise,8
flag,4
ready,5
soldier,7
block,5
final,5
review,6
add,3
detail,6
student,7
directly,8
air,3
noun,4
shadow,6
proud,5
complex,7
anybody,7
cotton,6
five,4
appropriate,11
uncle,5
fish,4
thumb,5
library,7
check,5
planet,6
possibly,8
tape,4
tomorrow,8
bow,3
struck,6
similar,7
science,7
melted,6
rhyme,5
circus,6
meant,5
firm,4
explore,7
beside,6
feathers,8
vote,4
symbol,6
mysterious,10
choice,6
one,3
which,5
door,4
opportunity,11
useful,6
shelter,7
upward,6
horn,4
fed,3
influence,9
doll,4
rapidly,7
thumb,5
dug,3
find,4
construction,12
pocket,6
swimming,8
force,5
my,2
particular,10
quickly,7
than,4
till,4
accurate,8
simple,6
itself,6
mixture,7
breathing,9
hat,3
one,3
sudden,6
daughter,8
deep,4
browserling,11
customs,7
taken,5
buffalo,7
arrange,7
its,3
lie,3
studied,7
any,3
equally,7
adult,5
swing,5
harbor,6
sitting,7
anybody,7
industrial,10
minute,6
especially,10
avoid,5
phrase,6
die,3
flight,6
motor,5
crew,4
rule,4
tin,3
smooth,6
able,4
chapter,7
fed,3
meet,4
year,4
empty,5
money,5
forest,6
spider,6
belt,4
end,3
property,8
upward,6
rapidly,7
horn,4
for,3
heading,7
those,5
fat,3
stop,4
food,4
wide,4
row,3
building,8
wear,4
fallen,6
silver,6
have,4
could,5
social,6
bent,4
lady,4
slide,5
empty,5
although,8
around,6
zero,4
furniture,9
firm,4
beside,6
stopped,7
fighting,8
whistle,7
fall,4
facing,6
planning,8
sun,3
noted,5
stay,4
call,4
he,2
live,4
under,5
cost,4
develop,7
end,3
unless,6
field,5
will,4
period,6
every,5
direct,6
drop,4
had,3
frozen,6
queen,5
remain,6
through,7
mood,4
pressure,8
solve,5
concerned,9
ocean,5
scientist,9
everything,10
frequently,10
bee,3
straw,5
box,3
number,6
mirror,6
lucky,5
series,6
tobacco,7
dull,4
vegetable,9
manner,6
buried,6
highest,7
sense,5
win,3
expression,10
swept,5
ring,4
bow,3
changing,8
choose,6
colony,6
learn,5
agree,5
future,6
within,6
queen,5
scientist,9
organization,12
occasionally,12
wife,4
dirt,4
difficulty,10
child,5
scale,5
coach,5
deer,4
unknown,7
trick,5
one,3
construction,12
express,7
us,2
shout,5
gas,3
position,8
vapor,5
capital,7
raw,3
shown,5
electricity,11
death,5
sense,5
best,4
circle,6
paint,5
wolf,4
mother,6
route,5
ago,3
wool,4
bridge,6
stretch,7
spider,6
real,4
hole,4
finally,7
certain,7
massage,7
peace,5
alphabet,8
managed,7
extra,5
offer,5
goes,4
next,4
least,5
even,4
something,9
blood,5
range,5
drawn,5
chemical,8
in,2
greatest,8
truth,5
aware,5
circle,6
giving,6
chief,5
wife,4
discovery,9
top,3
end,3
ring,4
breathing,9
hungry,6
tribe,5
gently,6
higher,6
torn,4
book,4
coal,4
everybody,9
recent,6
discussion,10
plate,5
opinion,7
ourselves,9
shoot,5
building,8
shinning,8
direction,9
plenty,6
game,4
definition,10
several,7
neck,4
fifth,5
owner,5
declared,8
scale,5
story,5
material,8
six,3
sale,4
sister,6
slow,4
trouble,7
expression,10
buffalo,7
halfway,7
club,4
making,6
tears,5
wide,4
stomach,7
president,9
art,3
sign,4
sign,4
missing,7
close,5
numeral,7
complete,8
mail,4
remember,8
born,4
seen,4
history,7
bone,4
partly,6
talk,4
powder,6
value,5
even,4
college,7
deep,4
lake,4
nobody,6
individual,10
stock,5
date,4
instead,7
trail,5
outline,7
six,3
belong,6
degree,6
into,4
moment,6
roar,4
time,4
engine,6
flies,5
exclaimed,9
visitor,7
graph,5
else,4
funny,5
nervous,7
excellent,9
person,6
shine,5
shut,4
guess,5
twelve,6
rising,6
his,3
magic,5
all,3
outline,7
nearby,6
shoe,4
seed,4
increase,8
gentle,6
sold,4
greater,7
rush,4
flew,4
of,2
rising,6
announced,9
real,4
effort,6
glass,5
doll,4
try,3
indeed,6
whose,5
lack,4
task,4
answer,6
beauty,6
shot,4
function,8
helpful,7
apple,5
slowly,6
kind,4
particular,10
union,5
simplest,8
plate,5
bear,4
driver,6
happy,5
shorter,7
collect,7
guide,5
led,3
square,6
came,4
college,7
farther,7
gravity,7
tightly,7
carried,7
later,5
foreign,7
farm,4
white,5
principle,9
cat,3
on,2
tune,4
trail,5
above,5
sign,4
warn,4
thin,4
skin,4
correctly,9
carry,5
freedom,7
dropped,7
just,4
position,8
diameter,8
circle,6
rest,4
wore,4
egg,3
freedom,7
yet,3
plural,6
design,6
chemical,8
directly,8
medicine,8
chosen,6
other,5
completely,10
between,7
native,6
syllable,8
cell,4
stronger,8
sunlight,8
classroom,9
national,8
frog,4
mad,3
each,4
ear,3
two,3
thrown,6
drawn,5
supply,6
wear,4
tail,4
forget,6
slipped,7
tried,5
flies,5
shade,5
birth,5
doctor,6
image,5
solid,5
account,7
score,5
evening,7
indeed,6
young,5
given,5
adjective,9
main,4
failed,6
path,4
daughter,8
drive,5
him,3
volume,6
keep,4
write,5
tired,5
forget,6
pleasure,8
cry,3
meal,4
guard,5
screen,6
bright,6
main,4
gate,4
foot,4
aloud,5
pig,3
truth,5
within,6
tropical,8
list,4
former,6
heavy,5
fuel,4
raw,3
stone,5
aside,5
paper,5
swimming,8
wealth,6
doing,5
muscle,6
wise,4
replied,7
track,5
sky,3
we,2
grew,4
spend,5
record,6
improve,7
traffic,7
usual,5
afraid,6
settlers,8
official,8
finger,6
till,4
joined,6
raw,3
scientific,10
poem,4
deer,4
proud,5
dried,5
send,4
develop,7
smooth,6
entirely,8
principle,9
foreign,7
throw,5
rising,6
straight,8
chose,5
nothing,7
fall,4
fairly,6
appearance,10
dream,5
pool,4
add,3
tent,4
community,9
born,4
most,4
was,3
mouse,5
south,5
letter,6
barn,4
appropriate,11
cry,3
gradually,9
liquid,6
involved,8
system,6
circus,6
current,7
seems,5
necessary,9
powerful,8
leaving,7
snow,4
greater,7
refused,7
throat,6
summer,6
mission,7
instance,8
meal,4
date,4
basis,5
soon,4
chief,5
boat,4
highest,7
try,3
standard,8
die,3
except,6
rubber,6
birth,5
teach,5
prepare,7
article,7
scientific,10
immediately,11
bit,3
silent,6
little,6
between,7
favorite,8
clear,5
human,5
forgotten,9
eight,5
five,4
rich,4
fish,4
now,3
person,6
pleasant,8
blood,5
win,3
driving,7
broad,5
cowboy,6
court,5
day,3
quick,5
crop,4
kitchen,7
again,5
hour,4
night,5
nodded,6
ball,4
am,2
stranger,8
rule,4
remember,8
fruit,5
twenty,6
mile,4
forgot,6
since,5
vessels,7
border,6
officer,7
black,5
package,7
cloth,5
attempt,7
collect,7
imagine,7
fair,4
seldom,6
usual,5
fastened,8
greatest,8
orbit,5
by,2
home,4
log,3
arrangement,11
drop,4
smell,5
funny,5
receive,7
zoo,3
chart,5
up,2
variety,7
deeply,6
lie,3
ought,5
gradually,9
careful,7
sweet,5
grade,5
fine,4
stronger,8
interest,8
movement,8
war,3
small,5
perfectly,9
brush,5
picture,7
name,4
ability,7
fun,3
putting,7
personal,8
wash,4
crowd,5
becoming,8
kids,4
ask,3
fallen,6
well,4
fog,3
bee,3
outline,7
fall,4
slabs,5
show,4
completely,10
morning,7
activity,8
curious,7
verb,4
pass,4
danger,6
structure,9
directly,8
plain,5
human,5
open,4
moment,6
wealth,6
slide,5
determine,9
fairly,6
fierce,6
easier,6
road,4
essential,9
mud,3
stairs,6
went,4
raise,5
could,5
guard,5
liquid,6
central,7
control,7
third,5
principle,9
fighting,8
fact,4
bar,3
won,3
move,4
anybody,7
give,4
son,3
morning,7
remove,6
same,4
try,3
stood,5
screen,6
notice,6
is,2
leave,5
afraid,6
mainly,6
taste,5
green,5
lovely,6
difficulty,10
start,5
sand,4
closely,7
care,4
warn,4
trunk,5
tightly,7
eat,3
object,6
women,5
volume,6
pencil,6
gentle,6
image,5
mail,4
doctor,6
term,4
needs,5
last,4
get,3
collect,7
doing,5
continued,9
down,4
tightly,7
equipment,9
airplane,8
swung,5
been,4
garage,6
hand,4
chair,5
thy,3
married,7
unusual,7
ear,3
cool,4
living,6
event,5
donkey,6
numeral,7
evidence,8
jet,3
supper,6
word,4
feature,7
case,4
sail,4
talk,4
atmosphere,10
beat,4
information,11
letter,6
gray,4
tired,5
tightly,7
body,4
orbit,5
effort,6
became,6
buffalo,7
wrapped,7
curious,7
physical,8
soon,4
lie,3
trap,4
silver,6
excited,7
tobacco,7
easier,6
numeral,7
up,2
fastened,8
occasionally,12
correctly,9
hungry,6
darkness,8
spent,5
fairly,6
zoo,3
sunlight,8
may,3
pay,3
its,3
act,3
wet,3
mail,4
police,6
pot,3
run,3
selection,9
dish,4
zoo,3
plenty,6
flow,4
music,5
be,2
language,8
parts,5
straw,5
bark,4
tent,4
take,4
vapor,5
connected,9
beautiful,9
anywhere,8
again,5
wear,4
sum,3
common,6
birds,5
life,4
powerful,8
continent,9
since,5
except,6
plural,6
cap,3
grandfather,11
lungs,5
body,4
exactly,7
too,3
riding,6
failed,6
shake,5
cook,4
term,4
hand,4
library,7
north,5
discovery,9
dot,3
merely,6
brush,5
influence,9
opinion,7
watch,5
everybody,9
happen,6
beside,6
shop,4
article,7
original,8
bite,4
bottom,6
tin,3
heavy,5
railroad,8
limited,7
tower,5
protection,10
space,5
does,4
today,5
milk,4
hunt,4
gently,6
into,4
last,4
fairly,6
wealth,6
fourth,6
bat,3
pick,4
vapor,5
from,4
yesterday,9
shadow,6
camera,6
pie,3
topic,5
water,5
done,4
just,4
audience,8
small,5
act,3
push,4
bite,4
screen,6
beside,6
origin,6
mission,7
any,3
brush,5
develop,7
hand,4
package,7
thy,3
zoo,3
sudden,6
green,5
here,4
certainly,9
lay,3
firm,4
move,4
return,6
check,5
interior,8
wind,4
wise,4
fed,3
direction,9
route,5
mark,4
depth,5
trace,5
swimming,8
carbon,6
football,8
add,3
store,5
call,4
fireplace,9
drink,5
money,5
dried,5
heat,4
instance,8
tobacco,7
rhyme,5
film,4
likely,6
waste,5
now,3
storm,5
kitchen,7
pony,4
wait,4
tip,3
breath,6
rhyme,5
how,3
symbol,6
if,2
difficult,9
troops,6
discuss,7
depend,6
anybody,7
root,4
aboard,6
ants,4
badly,5
attention,9
write,5
else,4
school,6
edge,4
notice,6
copy,4
short,5
opportunity,11
vertical,8
replied,7
pain,4
order,5
sold,4
shine,5
tent,4
hat,3
ride,4
movement,8
first,5
eat,3
express,7
worse,5
rise,4
home,4
usual,5
underline,9
particular,10
whom,4
fair,4
pattern,7
involved,8
whom,4
fast,4
somebody,8
wet,3
spell,5
completely,10
rocket,6
caught,6
setting,7
government,10
hello,5
to,2
being,5
whale,5
pipe,4
affect,6
mother,6
student,7
hour,4
sat,3
escape,6
bigger,6
donkey,6
so,2
north,5
unhappy,7
instance,8
car,3
iron,4
expect,6
sometime,8
want,4
alone,5
born,4
naturally,9
when,4
floor,5
flat,4
lack,4
toward,6
gather,6
sing,4
carried,7
surprise,8
buffalo,7
breakfast,9
research,8
hot,3
secret,6
chain,5
maybe,5
older,5
five,4
composed,8
signal,6
shallow,7
sunlight,8
knew,4
cake,4
daily,5
smallest,8
mostly,6
receive,7
women,5
wood,4
edge,4
ancient,7
negative,8
cookies,7
roll,4
treated,7
begun,5
topic,5
science,7
imagine,7
dot,3
damage,6
statement,9
us,2
situation,9
sentence,8
easier,6
metal,5
cotton,6
stop,4
himself,7
blank,5
wheel,5
fire,4
managed,7
television,10
planned,7
doctor,6
plant,5
principle,9
down,4
minute,6
add,3
family,6
push,4
father,6
only,4
today,5
speech,6
bat,3
driving,7
standard,8
who,3
identity,8
town,4
mail,4
mouse,5
cool,4
active,6
wish,4
naturally,9
practice,8
power,5
away,4
national,8
we,2
because,7
twice,5
fed,3
conversation,12
driven,6
prize,5
familiar,8
explanation,11
discover,8
hunter,6
nose,4
finish,6
vote,4
club,4
tight,5
ball,4
yes,3
coffee,6
making,6
three,5
off,3
offer,5
unless,6
tightly,7
failed,6
newspaper,9
vowel,5
garden,6
tube,4
roof,4
child,5
careful,7
excellent,9
smell,5
date,4
nodded,6
tent,4
series,6
copper,6
per,3
classroom,9
tongue,6
fellow,6
whistle,7
vapor,5
tool,4
explore,7
missing,7
chose,5
grass,5
asleep,6
largest,7
bad,3
lovely,6
driven,6
chicken,7
note,4
test,4
understanding,13
visitor,7
bite,4
here,4
spin,4
solid,5
second,6
may,3
expect,6
include,7
earth,5
early,5
men,3
accurate,8
immediately,11
plan,4
horse,5
temperature,11
engine,6
hard,4
paint,5
see,3
helpful,7
definition,10
brave,5
major,5
difficulty,10
make,4
compare,7
score,5
cookies,7
salt,4
characteristic,14
mark,4
yesterday,9
sleep,5
nearer,6
steel,5
writing,7
worker,6
driving,7
entire,6
dawn,4
plastic,7
boat,4
dot,3
fact,4
nature,6
carried,7
onlinetools,11
key,3
mean,4
tightly,7
earn,4
instant,7
ball,4
test,4
hardly,6
column,6
stepped,7
carefully,9
give,4
nest,4
police,6
string,6
drop,4
hardly,6
health,6
aware,5
open,4
had,3
particular,10
consider,8
return,6
scientific,10
however,7
that,4
thank,5
claws,5
before,6
dark,4
struggle,8
least,5
feet,4
quite,5
drove,5
double,6
office,6
plural,6
sport,5
square,6
political,9
just,4
become,6
continued,9
written,7
grew,4
steel,5
principle,9
wrong,5
missing,7
various,7
equator,7
worker,6
play,4
hearing,7
rubbed,6
direct,6
open,4
lying,5
total,5
sheep,5
within,6
longer,6
silly,5